# wl(nm) calibrationFactor
3.000000000000000000e+01 2.000000000000000000e+00
3.332444148049349764e+01 2.000000000000000000e+00
3.664888296098699527e+01 2.000000000000000000e+00
3.997332444148049291e+01 2.000000000000000000e+00
4.329776592197399054e+01 2.000000000000000000e+00
4.662220740246748818e+01 2.000000000000000000e+00
4.994664888296098582e+01 2.000000000000000000e+00
5.327109036345448345e+01 2.000000000000000000e+00
5.659553184394798109e+01 2.000000000000000000e+00
5.991997332444147872e+01 2.000000000000000000e+00
6.324441480493497636e+01 2.000000000000000000e+00
6.656885628542846689e+01 2.000000000000000000e+00
6.989329776592197163e+01 2.000000000000000000e+00
7.321773924641547637e+01 2.000000000000000000e+00
7.654218072690896690e+01 2.000000000000000000e+00
7.986662220740245743e+01 2.000000000000000000e+00
8.319106368789596218e+01 2.000000000000000000e+00
8.651550516838946692e+01 2.000000000000000000e+00
8.983994664888295745e+01 2.000000000000000000e+00
9.316438812937644798e+01 2.000000000000000000e+00
9.648882960986995272e+01 2.000000000000000000e+00
9.981327109036345746e+01 2.000000000000000000e+00
1.031377125708569480e+02 2.000000000000000000e+00
1.064621540513504385e+02 2.000000000000000000e+00
1.097865955318439433e+02 2.000000000000000000e+00
1.131110370123374480e+02 2.000000000000000000e+00
1.164354784928309385e+02 2.000000000000000000e+00
1.197599199733244291e+02 2.000000000000000000e+00
1.230843614538179338e+02 2.000000000000000000e+00
1.264088029343114385e+02 2.000000000000000000e+00
1.297332444148049149e+02 2.000000000000000000e+00
1.330576858952984196e+02 2.000000000000000000e+00
1.363821273757919244e+02 2.000000000000000000e+00
1.397065688562854291e+02 2.000000000000000000e+00
1.430310103367789338e+02 2.000000000000000000e+00
1.463554518172724102e+02 2.000000000000000000e+00
1.496798932977659149e+02 2.000000000000000000e+00
1.530043347782594196e+02 2.000000000000000000e+00
1.563287762587528960e+02 2.000000000000000000e+00
1.596532177392464007e+02 2.000000000000000000e+00
1.629776592197399054e+02 2.000000000000000000e+00
1.663021007002334102e+02 2.000000000000000000e+00
1.696265421807269149e+02 2.000000000000000000e+00
1.729509836612203912e+02 2.000000000000000000e+00
1.762754251417138960e+02 2.000000000000000000e+00
1.795998666222074007e+02 2.000000000000000000e+00
1.829243081027008770e+02 2.000000000000000000e+00
1.862487495831943818e+02 2.000000000000000000e+00
1.895731910636878865e+02 2.000000000000000000e+00
1.928976325441813913e+02 2.000000000000000000e+00
1.962220740246748960e+02 2.000000000000000000e+00
1.995465155051683723e+02 2.000000000000000000e+00
2.028709569856618771e+02 2.000000000000000000e+00
2.061953984661553818e+02 2.000000000000000000e+00
2.095198399466488581e+02 2.000000000000000000e+00
2.128442814271423629e+02 2.000000000000000000e+00
2.161687229076358676e+02 2.000000000000000000e+00
2.194931643881293724e+02 2.000000000000000000e+00
2.228176058686228771e+02 2.000000000000000000e+00
2.261420473491163534e+02 2.000000000000000000e+00
2.294664888296098582e+02 2.000000000000000000e+00
2.327909303101033629e+02 2.000000000000000000e+00
2.361153717905968392e+02 2.000000000000000000e+00
2.394398132710903440e+02 2.000000000000000000e+00
2.427642547515838487e+02 2.000000000000000000e+00
2.460886962320773534e+02 2.000000000000000000e+00
2.494131377125708582e+02 2.000000000000000000e+00
2.527375791930643345e+02 2.000000000000000000e+00
2.560620206735578677e+02 2.000000000000000000e+00
2.593864621540513440e+02 2.000000000000000000e+00
2.627109036345448203e+02 2.000000000000000000e+00
2.660353451150383535e+02 2.000000000000000000e+00
2.693597865955318298e+02 2.000000000000000000e+00
2.726842280760253061e+02 2.000000000000000000e+00
2.760086695565188393e+02 2.000000000000000000e+00
2.793331110370123156e+02 2.000000000000000000e+00
2.826575525175057919e+02 2.000000000000000000e+00
2.859819939979993251e+02 2.000000000000000000e+00
2.893064354784928014e+02 2.000000000000000000e+00
2.926308769589863346e+02 2.000000000000000000e+00
2.959553184394798109e+02 2.000000000000000000e+00
2.992797599199732872e+02 2.000000000000000000e+00
3.026042014004668204e+02 2.000000000000000000e+00
3.059286428809602967e+02 2.000000000000000000e+00
3.092530843614538298e+02 2.000000000000000000e+00
3.125775258419473062e+02 2.000000000000000000e+00
3.159019673224407825e+02 2.000000000000000000e+00
3.192264088029343156e+02 2.000000000000000000e+00
3.225508502834277920e+02 2.000000000000000000e+00
3.258752917639212683e+02 2.000000000000000000e+00
3.291997332444148014e+02 2.000000000000000000e+00
3.325241747249082778e+02 2.000000000000000000e+00
3.358486162054017541e+02 2.000000000000000000e+00
3.391730576858952872e+02 2.000000000000000000e+00
3.424974991663887636e+02 2.000000000000000000e+00
3.458219406468822967e+02 2.000000000000000000e+00
3.491463821273757731e+02 2.000000000000000000e+00
3.524708236078692494e+02 2.000000000000000000e+00
3.557952650883627825e+02 2.000000000000000000e+00
3.591197065688562589e+02 2.000000000000000000e+00
3.624441480493497920e+02 2.000000000000000000e+00
3.657685895298432683e+02 2.000000000000000000e+00
3.690930310103367447e+02 2.000000000000000000e+00
3.724174724908302778e+02 2.000000000000000000e+00
3.757419139713237541e+02 2.000000000000000000e+00
3.790663554518172305e+02 2.000000000000000000e+00
3.823907969323107636e+02 2.000000000000000000e+00
3.857152384128042399e+02 2.000000000000000000e+00
3.890396798932977163e+02 2.000000000000000000e+00
3.923641213737912494e+02 2.000000000000000000e+00
3.956885628542847257e+02 2.000000000000000000e+00
3.990130043347782589e+02 2.000000000000000000e+00
4.023374458152717352e+02 2.000000000000000000e+00
4.056618872957652115e+02 2.000000000000000000e+00
4.089863287762587447e+02 2.000000000000000000e+00
4.123107702567522210e+02 2.000000000000000000e+00
4.156352117372457542e+02 2.000000000000000000e+00
4.189596532177392305e+02 2.000000000000000000e+00
4.222840946982327068e+02 2.000000000000000000e+00
4.256085361787262400e+02 2.000000000000000000e+00
4.289329776592197163e+02 2.000000000000000000e+00
4.322574191397131926e+02 2.000000000000000000e+00
4.355818606202067258e+02 2.000000000000000000e+00
4.389063021007002021e+02 2.000000000000000000e+00
4.422307435811936784e+02 2.000000000000000000e+00
4.455551850616872116e+02 2.000000000000000000e+00
4.488796265421806879e+02 2.000000000000000000e+00
4.522040680226742211e+02 2.000000000000000000e+00
4.555285095031676974e+02 2.000000000000000000e+00
4.588529509836611737e+02 2.000000000000000000e+00
4.621773924641547069e+02 2.000000000000000000e+00
4.655018339446481832e+02 2.000000000000000000e+00
4.688262754251417164e+02 2.000000000000000000e+00
4.721507169056351927e+02 2.000000000000000000e+00
4.754751583861286690e+02 2.000000000000000000e+00
4.787995998666222022e+02 2.000000000000000000e+00
4.821240413471156785e+02 2.000000000000000000e+00
4.854484828276091548e+02 2.000000000000000000e+00
4.887729243081026880e+02 2.000000000000000000e+00
4.920973657885961643e+02 2.000000000000000000e+00
4.954218072690896406e+02 2.000000000000000000e+00
4.987462487495831738e+02 2.000000000000000000e+00
5.020706902300766501e+02 2.000000000000000000e+00
5.053951317105701833e+02 2.000000000000000000e+00
5.087195731910636596e+02 2.000000000000000000e+00
5.120440146715570791e+02 2.000000000000000000e+00
5.153684561520506122e+02 2.000000000000000000e+00
5.186928976325441454e+02 2.000000000000000000e+00
5.220173391130376785e+02 2.000000000000000000e+00
5.253417805935312117e+02 2.000000000000000000e+00
5.286662220740246312e+02 2.000000000000000000e+00
5.319906635545181643e+02 2.000000000000000000e+00
5.353151050350115838e+02 2.000000000000000000e+00
5.386395465155051170e+02 2.000000000000000000e+00
5.419639879959986501e+02 2.000000000000000000e+00
5.452884294764921833e+02 2.000000000000000000e+00
5.486128709569856028e+02 2.000000000000000000e+00
5.519373124374791360e+02 2.000000000000000000e+00
5.552617539179726691e+02 2.000000000000000000e+00
5.585861953984660886e+02 2.000000000000000000e+00
5.619106368789596218e+02 2.000000000000000000e+00
5.652350783594531549e+02 2.000000000000000000e+00
5.685595198399465744e+02 2.000000000000000000e+00
5.718839613204401076e+02 2.000000000000000000e+00
5.752084028009336407e+02 2.000000000000000000e+00
5.785328442814270602e+02 2.000000000000000000e+00
5.818572857619205934e+02 2.000000000000000000e+00
5.851817272424141265e+02 2.000000000000000000e+00
5.885061687229076597e+02 2.000000000000000000e+00
5.918306102034010792e+02 2.000000000000000000e+00
5.951550516838946123e+02 2.000000000000000000e+00
5.984794931643881455e+02 2.000000000000000000e+00
6.018039346448815650e+02 2.000000000000000000e+00
6.051283761253750981e+02 2.000000000000000000e+00
6.084528176058686313e+02 2.000000000000000000e+00
6.117772590863620508e+02 2.000000000000000000e+00
6.151017005668555839e+02 2.000000000000000000e+00
6.184261420473491171e+02 2.000000000000000000e+00
6.217505835278425366e+02 2.000000000000000000e+00
6.250750250083360697e+02 2.000000000000000000e+00
6.283994664888296029e+02 2.000000000000000000e+00
6.317239079693230224e+02 2.000000000000000000e+00
6.350483494498165555e+02 2.000000000000000000e+00
6.383727909303100887e+02 2.000000000000000000e+00
6.416972324108035082e+02 2.000000000000000000e+00
6.450216738912970413e+02 2.000000000000000000e+00
6.483461153717905745e+02 2.000000000000000000e+00
6.516705568522841077e+02 2.000000000000000000e+00
6.549949983327775271e+02 2.000000000000000000e+00
6.583194398132710603e+02 2.000000000000000000e+00
6.616438812937645935e+02 2.000000000000000000e+00
6.649683227742580129e+02 2.000000000000000000e+00
6.682927642547515461e+02 2.000000000000000000e+00
6.716172057352450793e+02 2.000000000000000000e+00
6.749416472157384987e+02 2.000000000000000000e+00
6.782660886962320319e+02 2.000000000000000000e+00
6.815905301767255651e+02 2.000000000000000000e+00
6.849149716572189845e+02 2.000000000000000000e+00
6.882394131377125177e+02 2.000000000000000000e+00
6.915638546182060509e+02 2.000000000000000000e+00
6.948882960986995840e+02 2.000000000000000000e+00
6.982127375791930035e+02 2.000000000000000000e+00
7.015371790596865367e+02 2.000000000000000000e+00
7.048616205401800698e+02 2.000000000000000000e+00
7.081860620206734893e+02 2.000000000000000000e+00
7.115105035011670225e+02 2.000000000000000000e+00
7.148349449816605556e+02 2.000000000000000000e+00
7.181593864621539751e+02 2.000000000000000000e+00
7.214838279426475083e+02 2.000000000000000000e+00
7.248082694231410414e+02 2.000000000000000000e+00
7.281327109036344609e+02 2.000000000000000000e+00
7.314571523841279941e+02 2.000000000000000000e+00
7.347815938646215272e+02 2.000000000000000000e+00
7.381060353451149467e+02 2.000000000000000000e+00
7.414304768256084799e+02 2.000000000000000000e+00
7.447549183061020130e+02 2.000000000000000000e+00
7.480793597865954325e+02 2.000000000000000000e+00
7.514038012670889657e+02 2.000000000000000000e+00
7.547282427475824989e+02 2.000000000000000000e+00
7.580526842280760320e+02 2.000000000000000000e+00
7.613771257085694515e+02 2.000000000000000000e+00
7.647015671890629847e+02 2.000000000000000000e+00
7.680260086695565178e+02 2.000000000000000000e+00
7.713504501500499373e+02 2.000000000000000000e+00
7.746748916305434705e+02 2.000000000000000000e+00
7.779993331110370036e+02 2.000000000000000000e+00
7.813237745915304231e+02 2.000000000000000000e+00
7.846482160720239563e+02 2.000000000000000000e+00
7.879726575525174894e+02 2.000000000000000000e+00
7.912970990330109089e+02 2.000000000000000000e+00
7.946215405135044421e+02 2.000000000000000000e+00
7.979459819939979752e+02 2.000000000000000000e+00
8.012704234744915084e+02 2.000000000000000000e+00
8.045948649549849279e+02 2.000000000000000000e+00
8.079193064354784610e+02 2.000000000000000000e+00
8.112437479159719942e+02 2.000000000000000000e+00
8.145681893964654137e+02 2.000000000000000000e+00
8.178926308769589468e+02 2.000000000000000000e+00
8.212170723574524800e+02 2.000000000000000000e+00
8.245415138379458995e+02 2.000000000000000000e+00
8.278659553184394326e+02 2.000000000000000000e+00
8.311903967989329658e+02 2.000000000000000000e+00
8.345148382794263853e+02 2.000000000000000000e+00
8.378392797599199184e+02 2.000000000000000000e+00
8.411637212404134516e+02 2.000000000000000000e+00
8.444881627209068711e+02 2.000000000000000000e+00
8.478126042014004042e+02 2.000000000000000000e+00
8.511370456818939374e+02 2.000000000000000000e+00
8.544614871623873569e+02 2.000000000000000000e+00
8.577859286428808900e+02 2.000000000000000000e+00
8.611103701233744232e+02 2.000000000000000000e+00
8.644348116038679564e+02 2.000000000000000000e+00
8.677592530843613758e+02 2.000000000000000000e+00
8.710836945648549090e+02 2.000000000000000000e+00
8.744081360453484422e+02 2.000000000000000000e+00
8.777325775258418616e+02 2.000000000000000000e+00
8.810570190063353948e+02 2.000000000000000000e+00
8.843814604868289280e+02 2.000000000000000000e+00
8.877059019673223474e+02 2.000000000000000000e+00
8.910303434478158806e+02 2.000000000000000000e+00
8.943547849283094138e+02 2.000000000000000000e+00
8.976792264088028332e+02 2.000000000000000000e+00
9.010036678892963664e+02 2.000000000000000000e+00
9.043281093697898996e+02 2.000000000000000000e+00
9.076525508502834327e+02 2.000000000000000000e+00
9.109769923307768522e+02 2.000000000000000000e+00
9.143014338112703854e+02 2.000000000000000000e+00
9.176258752917639185e+02 2.000000000000000000e+00
9.209503167722573380e+02 2.000000000000000000e+00
9.242747582527508712e+02 2.000000000000000000e+00
9.275991997332444043e+02 2.000000000000000000e+00
9.309236412137378238e+02 2.000000000000000000e+00
9.342480826942313570e+02 2.000000000000000000e+00
9.375725241747248901e+02 2.000000000000000000e+00
9.408969656552183096e+02 2.000000000000000000e+00
9.442214071357118428e+02 2.000000000000000000e+00
9.475458486162053759e+02 2.000000000000000000e+00
9.508702900966987954e+02 2.000000000000000000e+00
9.541947315771923286e+02 2.000000000000000000e+00
9.575191730576858617e+02 2.000000000000000000e+00
9.608436145381792812e+02 2.000000000000000000e+00
9.641680560186728144e+02 2.000000000000000000e+00
9.674924974991663476e+02 2.000000000000000000e+00
9.708169389796598807e+02 2.000000000000000000e+00
9.741413804601533002e+02 2.000000000000000000e+00
9.774658219406468334e+02 2.000000000000000000e+00
9.807902634211403665e+02 2.000000000000000000e+00
9.841147049016337860e+02 2.000000000000000000e+00
9.874391463821273192e+02 2.000000000000000000e+00
9.907635878626208523e+02 2.000000000000000000e+00
9.940880293431142718e+02 2.000000000000000000e+00
9.974124708236078050e+02 2.000000000000000000e+00
1.000736912304101338e+03 2.000000000000000000e+00
1.004061353784594758e+03 2.000000000000000000e+00
1.007385795265088291e+03 2.000000000000000000e+00
1.010710236745581824e+03 2.000000000000000000e+00
1.014034678226075357e+03 2.000000000000000000e+00
1.017359119706568777e+03 2.000000000000000000e+00
1.020683561187062310e+03 2.000000000000000000e+00
1.024008002667555957e+03 2.000000000000000000e+00
1.027332444148049262e+03 2.000000000000000000e+00
1.030656885628542796e+03 2.000000000000000000e+00
1.033981327109036329e+03 2.000000000000000000e+00
1.037305768589529634e+03 2.000000000000000000e+00
1.040630210070023168e+03 2.000000000000000000e+00
1.043954651550516701e+03 2.000000000000000000e+00
1.047279093031010234e+03 2.000000000000000000e+00
1.050603534511503767e+03 2.000000000000000000e+00
1.053927975991997300e+03 2.000000000000000000e+00
1.057252417472490833e+03 2.000000000000000000e+00
1.060576858952984367e+03 2.000000000000000000e+00
1.063901300433477672e+03 2.000000000000000000e+00
1.067225741913971206e+03 2.000000000000000000e+00
1.070550183394464739e+03 2.000000000000000000e+00
1.073874624874958272e+03 2.000000000000000000e+00
1.077199066355451805e+03 2.000000000000000000e+00
1.080523507835945338e+03 2.000000000000000000e+00
1.083847949316438644e+03 2.000000000000000000e+00
1.087172390796932177e+03 2.000000000000000000e+00
1.090496832277425710e+03 2.000000000000000000e+00
1.093821273757919244e+03 2.000000000000000000e+00
1.097145715238412777e+03 2.000000000000000000e+00
1.100470156718906310e+03 2.000000000000000000e+00
1.103794598199399843e+03 2.000000000000000000e+00
1.107119039679893149e+03 2.000000000000000000e+00
1.110443481160386682e+03 2.000000000000000000e+00
1.113767922640880215e+03 2.000000000000000000e+00
1.117092364121373748e+03 2.000000000000000000e+00
1.120416805601867281e+03 2.000000000000000000e+00
1.123741247082360815e+03 2.000000000000000000e+00
1.127065688562854120e+03 2.000000000000000000e+00
1.130390130043347654e+03 2.000000000000000000e+00
1.133714571523841187e+03 2.000000000000000000e+00
1.137039013004334720e+03 2.000000000000000000e+00
1.140363454484828253e+03 2.000000000000000000e+00
1.143687895965321786e+03 2.000000000000000000e+00
1.147012337445815319e+03 2.000000000000000000e+00
1.150336778926308625e+03 2.000000000000000000e+00
1.153661220406802158e+03 2.000000000000000000e+00
1.156985661887295691e+03 2.000000000000000000e+00
1.160310103367789225e+03 2.000000000000000000e+00
1.163634544848282758e+03 2.000000000000000000e+00
1.166958986328776291e+03 2.000000000000000000e+00
1.170283427809269597e+03 2.000000000000000000e+00
1.173607869289763130e+03 2.000000000000000000e+00
1.176932310770256663e+03 2.000000000000000000e+00
1.180256752250750196e+03 2.000000000000000000e+00
1.183581193731243729e+03 2.000000000000000000e+00
1.186905635211737263e+03 2.000000000000000000e+00
1.190230076692230568e+03 2.000000000000000000e+00
1.193554518172724102e+03 2.000000000000000000e+00
1.196878959653217635e+03 2.000000000000000000e+00
1.200203401133711168e+03 2.000000000000000000e+00
1.203527842614204701e+03 2.000000000000000000e+00
1.206852284094698234e+03 2.000000000000000000e+00
1.210176725575191767e+03 2.000000000000000000e+00
1.213501167055685073e+03 2.000000000000000000e+00
1.216825608536178606e+03 2.000000000000000000e+00
1.220150050016672139e+03 2.000000000000000000e+00
1.223474491497165673e+03 2.000000000000000000e+00
1.226798932977659206e+03 2.000000000000000000e+00
1.230123374458152739e+03 2.000000000000000000e+00
1.233447815938646045e+03 2.000000000000000000e+00
1.236772257419139578e+03 2.000000000000000000e+00
1.240096698899633111e+03 2.000000000000000000e+00
1.243421140380126644e+03 2.000000000000000000e+00
1.246745581860620177e+03 2.000000000000000000e+00
1.250070023341113711e+03 2.000000000000000000e+00
1.253394464821607016e+03 2.000000000000000000e+00
1.256718906302100550e+03 2.000000000000000000e+00
1.260043347782594083e+03 2.000000000000000000e+00
1.263367789263087616e+03 2.000000000000000000e+00
1.266692230743581149e+03 2.000000000000000000e+00
1.270016672224074682e+03 2.000000000000000000e+00
1.273341113704568215e+03 2.000000000000000000e+00
1.276665555185061521e+03 2.000000000000000000e+00
1.279989996665555054e+03 2.000000000000000000e+00
1.283314438146048587e+03 2.000000000000000000e+00
1.286638879626542121e+03 2.000000000000000000e+00
1.289963321107035654e+03 2.000000000000000000e+00
1.293287762587529187e+03 2.000000000000000000e+00
1.296612204068022493e+03 2.000000000000000000e+00
1.299936645548516026e+03 2.000000000000000000e+00
1.303261087029009559e+03 2.000000000000000000e+00
1.306585528509503092e+03 2.000000000000000000e+00
1.309909969989996625e+03 2.000000000000000000e+00
1.313234411470490159e+03 2.000000000000000000e+00
1.316558852950983692e+03 2.000000000000000000e+00
1.319883294431476997e+03 2.000000000000000000e+00
1.323207735911970531e+03 2.000000000000000000e+00
1.326532177392464064e+03 2.000000000000000000e+00
1.329856618872957597e+03 2.000000000000000000e+00
1.333181060353451130e+03 2.000000000000000000e+00
1.336505501833944663e+03 2.000000000000000000e+00
1.339829943314437969e+03 2.000000000000000000e+00
1.343154384794931502e+03 2.000000000000000000e+00
1.346478826275425035e+03 2.000000000000000000e+00
1.349803267755918569e+03 2.000000000000000000e+00
1.353127709236412102e+03 2.000000000000000000e+00
1.356452150716905635e+03 2.000000000000000000e+00
1.359776592197399168e+03 2.000000000000000000e+00
1.363101033677892474e+03 2.000000000000000000e+00
1.366425475158386007e+03 2.000000000000000000e+00
1.369749916638879540e+03 2.000000000000000000e+00
1.373074358119373073e+03 2.000000000000000000e+00
1.376398799599866607e+03 2.000000000000000000e+00
1.379723241080360140e+03 2.000000000000000000e+00
1.383047682560853445e+03 2.000000000000000000e+00
1.386372124041346979e+03 2.000000000000000000e+00
1.389696565521840512e+03 2.000000000000000000e+00
1.393021007002334045e+03 2.000000000000000000e+00
1.396345448482827578e+03 2.000000000000000000e+00
1.399669889963321111e+03 2.000000000000000000e+00
1.402994331443814417e+03 2.000000000000000000e+00
1.406318772924307950e+03 2.000000000000000000e+00
1.409643214404801483e+03 2.000000000000000000e+00
1.412967655885295017e+03 2.000000000000000000e+00
1.416292097365788550e+03 2.000000000000000000e+00
1.419616538846282083e+03 2.000000000000000000e+00
1.422940980326775616e+03 2.000000000000000000e+00
1.426265421807268922e+03 2.000000000000000000e+00
1.429589863287762455e+03 2.000000000000000000e+00
1.432914304768255988e+03 2.000000000000000000e+00
1.436238746248749521e+03 2.000000000000000000e+00
1.439563187729243054e+03 2.000000000000000000e+00
1.442887629209736588e+03 2.000000000000000000e+00
1.446212070690229893e+03 2.000000000000000000e+00
1.449536512170723427e+03 2.000000000000000000e+00
1.452860953651216960e+03 2.000000000000000000e+00
1.456185395131710493e+03 2.000000000000000000e+00
1.459509836612204026e+03 2.000000000000000000e+00
1.462834278092697559e+03 2.000000000000000000e+00
1.466158719573190865e+03 2.000000000000000000e+00
1.469483161053684398e+03 2.000000000000000000e+00
1.472807602534177931e+03 2.000000000000000000e+00
1.476132044014671465e+03 2.000000000000000000e+00
1.479456485495164998e+03 2.000000000000000000e+00
1.482780926975658531e+03 2.000000000000000000e+00
1.486105368456152064e+03 2.000000000000000000e+00
1.489429809936645370e+03 2.000000000000000000e+00
1.492754251417138903e+03 2.000000000000000000e+00
1.496078692897632436e+03 2.000000000000000000e+00
1.499403134378125969e+03 2.000000000000000000e+00
1.502727575858619502e+03 2.000000000000000000e+00
1.506052017339113036e+03 2.000000000000000000e+00
1.509376458819606341e+03 2.000000000000000000e+00
1.512700900300099875e+03 2.000000000000000000e+00
1.516025341780593408e+03 2.000000000000000000e+00
1.519349783261086941e+03 2.000000000000000000e+00
1.522674224741580474e+03 2.000000000000000000e+00
1.525998666222074007e+03 2.000000000000000000e+00
1.529323107702567540e+03 2.000000000000000000e+00
1.532647549183060846e+03 2.000000000000000000e+00
1.535971990663554379e+03 2.000000000000000000e+00
1.539296432144047913e+03 2.000000000000000000e+00
1.542620873624541446e+03 2.000000000000000000e+00
1.545945315105034979e+03 2.000000000000000000e+00
1.549269756585528512e+03 2.000000000000000000e+00
1.552594198066021818e+03 2.000000000000000000e+00
1.555918639546515351e+03 2.000000000000000000e+00
1.559243081027008884e+03 2.000000000000000000e+00
1.562567522507502417e+03 2.000000000000000000e+00
1.565891963987995950e+03 2.000000000000000000e+00
1.569216405468489484e+03 2.000000000000000000e+00
1.572540846948983017e+03 2.000000000000000000e+00
1.575865288429476323e+03 2.000000000000000000e+00
1.579189729909969856e+03 2.000000000000000000e+00
1.582514171390463389e+03 2.000000000000000000e+00
1.585838612870956922e+03 2.000000000000000000e+00
1.589163054351450455e+03 2.000000000000000000e+00
1.592487495831943988e+03 2.000000000000000000e+00
1.595811937312437294e+03 2.000000000000000000e+00
1.599136378792930827e+03 2.000000000000000000e+00
1.602460820273424360e+03 2.000000000000000000e+00
1.605785261753917894e+03 2.000000000000000000e+00
1.609109703234411427e+03 2.000000000000000000e+00
1.612434144714904960e+03 2.000000000000000000e+00
1.615758586195398266e+03 2.000000000000000000e+00
1.619083027675891799e+03 2.000000000000000000e+00
1.622407469156385332e+03 2.000000000000000000e+00
1.625731910636878865e+03 2.000000000000000000e+00
1.629056352117372398e+03 2.000000000000000000e+00
1.632380793597865932e+03 2.000000000000000000e+00
1.635705235078359465e+03 2.000000000000000000e+00
1.639029676558852771e+03 2.000000000000000000e+00
1.642354118039346304e+03 2.000000000000000000e+00
1.645678559519839837e+03 2.000000000000000000e+00
1.649003001000333370e+03 2.000000000000000000e+00
1.652327442480826903e+03 2.000000000000000000e+00
1.655651883961320436e+03 2.000000000000000000e+00
1.658976325441813742e+03 2.000000000000000000e+00
1.662300766922307275e+03 2.000000000000000000e+00
1.665625208402800808e+03 2.000000000000000000e+00
1.668949649883294342e+03 2.000000000000000000e+00
1.672274091363787875e+03 2.000000000000000000e+00
1.675598532844281408e+03 2.000000000000000000e+00
1.678922974324774714e+03 2.000000000000000000e+00
1.682247415805268247e+03 2.000000000000000000e+00
1.685571857285761780e+03 2.000000000000000000e+00
1.688896298766255313e+03 2.000000000000000000e+00
1.692220740246748846e+03 2.000000000000000000e+00
1.695545181727242380e+03 2.000000000000000000e+00
1.698869623207735913e+03 2.000000000000000000e+00
1.702194064688229219e+03 2.000000000000000000e+00
1.705518506168722752e+03 2.000000000000000000e+00
1.708842947649216285e+03 2.000000000000000000e+00
1.712167389129709818e+03 2.000000000000000000e+00
1.715491830610203351e+03 2.000000000000000000e+00
1.718816272090696884e+03 2.000000000000000000e+00
1.722140713571190190e+03 2.000000000000000000e+00
1.725465155051683723e+03 2.000000000000000000e+00
1.728789596532177256e+03 2.000000000000000000e+00
1.732114038012670790e+03 2.000000000000000000e+00
1.735438479493164323e+03 2.000000000000000000e+00
1.738762920973657856e+03 2.000000000000000000e+00
1.742087362454151389e+03 2.000000000000000000e+00
1.745411803934644695e+03 2.000000000000000000e+00
1.748736245415138228e+03 2.000000000000000000e+00
1.752060686895631761e+03 2.000000000000000000e+00
1.755385128376125294e+03 2.000000000000000000e+00
1.758709569856618828e+03 2.000000000000000000e+00
1.762034011337112361e+03 2.000000000000000000e+00
1.765358452817605666e+03 2.000000000000000000e+00
1.768682894298099200e+03 2.000000000000000000e+00
1.772007335778592733e+03 2.000000000000000000e+00
1.775331777259086266e+03 2.000000000000000000e+00
1.778656218739579799e+03 2.000000000000000000e+00
1.781980660220073332e+03 2.000000000000000000e+00
1.785305101700566865e+03 2.000000000000000000e+00
1.788629543181060171e+03 2.000000000000000000e+00
1.791953984661553704e+03 2.000000000000000000e+00
1.795278426142047238e+03 2.000000000000000000e+00
1.798602867622540771e+03 2.000000000000000000e+00
1.801927309103034304e+03 2.000000000000000000e+00
1.805251750583527837e+03 2.000000000000000000e+00
1.808576192064021143e+03 2.000000000000000000e+00
1.811900633544514676e+03 2.000000000000000000e+00
1.815225075025008209e+03 2.000000000000000000e+00
1.818549516505501742e+03 2.000000000000000000e+00
1.821873957985995276e+03 2.000000000000000000e+00
1.825198399466488809e+03 2.000000000000000000e+00
1.828522840946982114e+03 2.000000000000000000e+00
1.831847282427475648e+03 2.000000000000000000e+00
1.835171723907969181e+03 2.000000000000000000e+00
1.838496165388462714e+03 2.000000000000000000e+00
1.841820606868956247e+03 2.000000000000000000e+00
1.845145048349449780e+03 2.000000000000000000e+00
1.848469489829943313e+03 2.000000000000000000e+00
1.851793931310436619e+03 2.000000000000000000e+00
1.855118372790930152e+03 2.000000000000000000e+00
1.858442814271423686e+03 2.000000000000000000e+00
1.861767255751917219e+03 2.000000000000000000e+00
1.865091697232410752e+03 2.000000000000000000e+00
1.868416138712904285e+03 2.000000000000000000e+00
1.871740580193397591e+03 2.000000000000000000e+00
1.875065021673891124e+03 2.000000000000000000e+00
1.878389463154384657e+03 2.000000000000000000e+00
1.881713904634878190e+03 2.000000000000000000e+00
1.885038346115371723e+03 2.000000000000000000e+00
1.888362787595865257e+03 2.000000000000000000e+00
1.891687229076358562e+03 2.000000000000000000e+00
1.895011670556852096e+03 2.000000000000000000e+00
1.898336112037345629e+03 2.000000000000000000e+00
1.901660553517839162e+03 2.000000000000000000e+00
1.904984994998332695e+03 2.000000000000000000e+00
1.908309436478826228e+03 2.000000000000000000e+00
1.911633877959319761e+03 2.000000000000000000e+00
1.914958319439813067e+03 2.000000000000000000e+00
1.918282760920306600e+03 2.000000000000000000e+00
1.921607202400800134e+03 2.000000000000000000e+00
1.924931643881293667e+03 2.000000000000000000e+00
1.928256085361787200e+03 2.000000000000000000e+00
1.931580526842280733e+03 2.000000000000000000e+00
1.934904968322774039e+03 2.000000000000000000e+00
1.938229409803267572e+03 2.000000000000000000e+00
1.941553851283761105e+03 2.000000000000000000e+00
1.944878292764254638e+03 2.000000000000000000e+00
1.948202734244748171e+03 2.000000000000000000e+00
1.951527175725241705e+03 2.000000000000000000e+00
1.954851617205735238e+03 2.000000000000000000e+00
1.958176058686228544e+03 2.000000000000000000e+00
1.961500500166722077e+03 2.000000000000000000e+00
1.964824941647215610e+03 2.000000000000000000e+00
1.968149383127709143e+03 2.000000000000000000e+00
1.971473824608202676e+03 2.000000000000000000e+00
1.974798266088696209e+03 2.000000000000000000e+00
1.978122707569189515e+03 2.000000000000000000e+00
1.981447149049683048e+03 2.000000000000000000e+00
1.984771590530176582e+03 2.000000000000000000e+00
1.988096032010670115e+03 2.000000000000000000e+00
1.991420473491163648e+03 2.000000000000000000e+00
1.994744914971657181e+03 2.000000000000000000e+00
1.998069356452150714e+03 2.000000000000000000e+00
2.001393797932644020e+03 2.000000000000000000e+00
2.004718239413137553e+03 2.000000000000000000e+00
2.008042680893631086e+03 2.000000000000000000e+00
2.011367122374124619e+03 2.000000000000000000e+00
2.014691563854618153e+03 2.000000000000000000e+00
2.018016005335111686e+03 2.000000000000000000e+00
2.021340446815604992e+03 2.000000000000000000e+00
2.024664888296098525e+03 2.000000000000000000e+00
2.027989329776592058e+03 2.000000000000000000e+00
2.031313771257085591e+03 2.000000000000000000e+00
2.034638212737579124e+03 2.000000000000000000e+00
2.037962654218072657e+03 2.000000000000000000e+00
2.041287095698565963e+03 2.000000000000000000e+00
2.044611537179059496e+03 2.000000000000000000e+00
2.047935978659553030e+03 2.000000000000000000e+00
2.051260420140046335e+03 2.000000000000000000e+00
2.054584861620540323e+03 2.000000000000000000e+00
2.057909303101033402e+03 2.000000000000000000e+00
2.061233744581527390e+03 2.000000000000000000e+00
2.064558186062020468e+03 2.000000000000000000e+00
2.067882627542514001e+03 2.000000000000000000e+00
2.071207069023007534e+03 2.000000000000000000e+00
2.074531510503501067e+03 2.000000000000000000e+00
2.077855951983994601e+03 2.000000000000000000e+00
2.081180393464488134e+03 2.000000000000000000e+00
2.084504834944981667e+03 2.000000000000000000e+00
2.087829276425475200e+03 2.000000000000000000e+00
2.091153717905968733e+03 2.000000000000000000e+00
2.094478159386461812e+03 2.000000000000000000e+00
2.097802600866955345e+03 2.000000000000000000e+00
2.101127042347448878e+03 2.000000000000000000e+00
2.104451483827942411e+03 2.000000000000000000e+00
2.107775925308435944e+03 2.000000000000000000e+00
2.111100366788929477e+03 2.000000000000000000e+00
2.114424808269423011e+03 2.000000000000000000e+00
2.117749249749916544e+03 2.000000000000000000e+00
2.121073691230410077e+03 2.000000000000000000e+00
2.124398132710903610e+03 2.000000000000000000e+00
2.127722574191397143e+03 2.000000000000000000e+00
2.131047015671890676e+03 2.000000000000000000e+00
2.134371457152384210e+03 2.000000000000000000e+00
2.137695898632877288e+03 2.000000000000000000e+00
2.141020340113370821e+03 2.000000000000000000e+00
2.144344781593864354e+03 2.000000000000000000e+00
2.147669223074357888e+03 2.000000000000000000e+00
2.150993664554851421e+03 2.000000000000000000e+00
2.154318106035344954e+03 2.000000000000000000e+00
2.157642547515838487e+03 2.000000000000000000e+00
2.160966988996332020e+03 2.000000000000000000e+00
2.164291430476825553e+03 2.000000000000000000e+00
2.167615871957319087e+03 2.000000000000000000e+00
2.170940313437812620e+03 2.000000000000000000e+00
2.174264754918306153e+03 2.000000000000000000e+00
2.177589196398799686e+03 2.000000000000000000e+00
2.180913637879292764e+03 2.000000000000000000e+00
2.184238079359786298e+03 2.000000000000000000e+00
2.187562520840279831e+03 2.000000000000000000e+00
2.190886962320773364e+03 2.000000000000000000e+00
2.194211403801266897e+03 2.000000000000000000e+00
2.197535845281760430e+03 2.000000000000000000e+00
2.200860286762253963e+03 2.000000000000000000e+00
2.204184728242747497e+03 2.000000000000000000e+00
2.207509169723241030e+03 2.000000000000000000e+00
2.210833611203734563e+03 2.000000000000000000e+00
2.214158052684228096e+03 2.000000000000000000e+00
2.217482494164721629e+03 2.000000000000000000e+00
2.220806935645215162e+03 2.000000000000000000e+00
2.224131377125708241e+03 2.000000000000000000e+00
2.227455818606201774e+03 2.000000000000000000e+00
2.230780260086695307e+03 2.000000000000000000e+00
2.234104701567188840e+03 2.000000000000000000e+00
2.237429143047682373e+03 2.000000000000000000e+00
2.240753584528175907e+03 2.000000000000000000e+00
2.244078026008669440e+03 2.000000000000000000e+00
2.247402467489162973e+03 2.000000000000000000e+00
2.250726908969656506e+03 2.000000000000000000e+00
2.254051350450150039e+03 2.000000000000000000e+00
2.257375791930643572e+03 2.000000000000000000e+00
2.260700233411137106e+03 2.000000000000000000e+00
2.264024674891630639e+03 2.000000000000000000e+00
2.267349116372123717e+03 2.000000000000000000e+00
2.270673557852617250e+03 2.000000000000000000e+00
2.273997999333110783e+03 2.000000000000000000e+00
2.277322440813604317e+03 2.000000000000000000e+00
2.280646882294097850e+03 2.000000000000000000e+00
2.283971323774591383e+03 2.000000000000000000e+00
2.287295765255084916e+03 2.000000000000000000e+00
2.290620206735578449e+03 2.000000000000000000e+00
2.293944648216071982e+03 2.000000000000000000e+00
2.297269089696565516e+03 2.000000000000000000e+00
2.300593531177059049e+03 2.000000000000000000e+00
2.303917972657552582e+03 2.000000000000000000e+00
2.307242414138045660e+03 2.000000000000000000e+00
2.310566855618539194e+03 2.000000000000000000e+00
2.313891297099032727e+03 2.000000000000000000e+00
2.317215738579526260e+03 2.000000000000000000e+00
2.320540180060019793e+03 2.000000000000000000e+00
2.323864621540513326e+03 2.000000000000000000e+00
2.327189063021006859e+03 2.000000000000000000e+00
2.330513504501500393e+03 2.000000000000000000e+00
2.333837945981993926e+03 2.000000000000000000e+00
2.337162387462487459e+03 2.000000000000000000e+00
2.340486828942980992e+03 2.000000000000000000e+00
2.343811270423474525e+03 2.000000000000000000e+00
2.347135711903968058e+03 2.000000000000000000e+00
2.350460153384461137e+03 2.000000000000000000e+00
2.353784594864954670e+03 2.000000000000000000e+00
2.357109036345448203e+03 2.000000000000000000e+00
2.360433477825941736e+03 2.000000000000000000e+00
2.363757919306435269e+03 2.000000000000000000e+00
2.367082360786928803e+03 2.000000000000000000e+00
2.370406802267422336e+03 2.000000000000000000e+00
2.373731243747915869e+03 2.000000000000000000e+00
2.377055685228409402e+03 2.000000000000000000e+00
2.380380126708902935e+03 2.000000000000000000e+00
2.383704568189396468e+03 2.000000000000000000e+00
2.387029009669890002e+03 2.000000000000000000e+00
2.390353451150383535e+03 2.000000000000000000e+00
2.393677892630876613e+03 2.000000000000000000e+00
2.397002334111370146e+03 2.000000000000000000e+00
2.400326775591863679e+03 2.000000000000000000e+00
2.403651217072357213e+03 2.000000000000000000e+00
2.406975658552850746e+03 2.000000000000000000e+00
2.410300100033344279e+03 2.000000000000000000e+00
2.413624541513837812e+03 2.000000000000000000e+00
2.416948982994331345e+03 2.000000000000000000e+00
2.420273424474824878e+03 2.000000000000000000e+00
2.423597865955318412e+03 2.000000000000000000e+00
2.426922307435811945e+03 2.000000000000000000e+00
2.430246748916305478e+03 2.000000000000000000e+00
2.433571190396799011e+03 2.000000000000000000e+00
2.436895631877292089e+03 2.000000000000000000e+00
2.440220073357785623e+03 2.000000000000000000e+00
2.443544514838279156e+03 2.000000000000000000e+00
2.446868956318772689e+03 2.000000000000000000e+00
2.450193397799266222e+03 2.000000000000000000e+00
2.453517839279759755e+03 2.000000000000000000e+00
2.456842280760253288e+03 2.000000000000000000e+00
2.460166722240746822e+03 2.000000000000000000e+00
2.463491163721240355e+03 2.000000000000000000e+00
2.466815605201733888e+03 2.000000000000000000e+00
2.470140046682227421e+03 2.000000000000000000e+00
2.473464488162720954e+03 2.000000000000000000e+00
2.476788929643214033e+03 2.000000000000000000e+00
2.480113371123707566e+03 2.000000000000000000e+00
2.483437812604201099e+03 2.000000000000000000e+00
2.486762254084694632e+03 2.000000000000000000e+00
2.490086695565188165e+03 2.000000000000000000e+00
2.493411137045681699e+03 2.000000000000000000e+00
2.496735578526175232e+03 2.000000000000000000e+00
2.500060020006668765e+03 2.000000000000000000e+00
2.503384461487162298e+03 2.000000000000000000e+00
2.506708902967655831e+03 2.000000000000000000e+00
2.510033344448149364e+03 2.000000000000000000e+00
2.513357785928642897e+03 2.000000000000000000e+00
2.516682227409136431e+03 2.000000000000000000e+00
2.520006668889629509e+03 2.000000000000000000e+00
2.523331110370123042e+03 2.000000000000000000e+00
2.526655551850616575e+03 2.000000000000000000e+00
2.529979993331110109e+03 2.000000000000000000e+00
2.533304434811603642e+03 2.000000000000000000e+00
2.536628876292097175e+03 2.000000000000000000e+00
2.539953317772590708e+03 2.000000000000000000e+00
2.543277759253084241e+03 2.000000000000000000e+00
2.546602200733577774e+03 2.000000000000000000e+00
2.549926642214071308e+03 2.000000000000000000e+00
2.553251083694564841e+03 2.000000000000000000e+00
2.556575525175058374e+03 2.000000000000000000e+00
2.559899966655551907e+03 2.000000000000000000e+00
2.563224408136044985e+03 2.000000000000000000e+00
2.566548849616538519e+03 2.000000000000000000e+00
2.569873291097032052e+03 2.000000000000000000e+00
2.573197732577525585e+03 2.000000000000000000e+00
2.576522174058019118e+03 2.000000000000000000e+00
2.579846615538512651e+03 2.000000000000000000e+00
2.583171057019006184e+03 2.000000000000000000e+00
2.586495498499499718e+03 2.000000000000000000e+00
2.589819939979993251e+03 2.000000000000000000e+00
2.593144381460486784e+03 2.000000000000000000e+00
2.596468822940980317e+03 2.000000000000000000e+00
2.599793264421473850e+03 2.000000000000000000e+00
2.603117705901967383e+03 2.000000000000000000e+00
2.606442147382460462e+03 2.000000000000000000e+00
2.609766588862953995e+03 2.000000000000000000e+00
2.613091030343447528e+03 2.000000000000000000e+00
2.616415471823941061e+03 2.000000000000000000e+00
2.619739913304434594e+03 2.000000000000000000e+00
2.623064354784928128e+03 2.000000000000000000e+00
2.626388796265421661e+03 2.000000000000000000e+00
2.629713237745915194e+03 2.000000000000000000e+00
2.633037679226408727e+03 2.000000000000000000e+00
2.636362120706902260e+03 2.000000000000000000e+00
2.639686562187395793e+03 2.000000000000000000e+00
2.643011003667889327e+03 2.000000000000000000e+00
2.646335445148382860e+03 2.000000000000000000e+00
2.649659886628875938e+03 2.000000000000000000e+00
2.652984328109369471e+03 2.000000000000000000e+00
2.656308769589863005e+03 2.000000000000000000e+00
2.659633211070356538e+03 2.000000000000000000e+00
2.662957652550850071e+03 2.000000000000000000e+00
2.666282094031343604e+03 2.000000000000000000e+00
2.669606535511837137e+03 2.000000000000000000e+00
2.672930976992330670e+03 2.000000000000000000e+00
2.676255418472824203e+03 2.000000000000000000e+00
2.679579859953317737e+03 2.000000000000000000e+00
2.682904301433811270e+03 2.000000000000000000e+00
2.686228742914304803e+03 2.000000000000000000e+00
2.689553184394798336e+03 2.000000000000000000e+00
2.692877625875291415e+03 2.000000000000000000e+00
2.696202067355784948e+03 2.000000000000000000e+00
2.699526508836278481e+03 2.000000000000000000e+00
2.702850950316772014e+03 2.000000000000000000e+00
2.706175391797265547e+03 2.000000000000000000e+00
2.709499833277759080e+03 2.000000000000000000e+00
2.712824274758252614e+03 2.000000000000000000e+00
2.716148716238746147e+03 2.000000000000000000e+00
2.719473157719239680e+03 2.000000000000000000e+00
2.722797599199733213e+03 2.000000000000000000e+00
2.726122040680226746e+03 2.000000000000000000e+00
2.729446482160720279e+03 2.000000000000000000e+00
2.732770923641213358e+03 2.000000000000000000e+00
2.736095365121706891e+03 2.000000000000000000e+00
2.739419806602200424e+03 2.000000000000000000e+00
2.742744248082693957e+03 2.000000000000000000e+00
2.746068689563187490e+03 2.000000000000000000e+00
2.749393131043681024e+03 2.000000000000000000e+00
2.752717572524174557e+03 2.000000000000000000e+00
2.756042014004668090e+03 2.000000000000000000e+00
2.759366455485161623e+03 2.000000000000000000e+00
2.762690896965655156e+03 2.000000000000000000e+00
2.766015338446148689e+03 2.000000000000000000e+00
2.769339779926642223e+03 2.000000000000000000e+00
2.772664221407135756e+03 2.000000000000000000e+00
2.775988662887628834e+03 2.000000000000000000e+00
2.779313104368122367e+03 2.000000000000000000e+00
2.782637545848615900e+03 2.000000000000000000e+00
2.785961987329109434e+03 2.000000000000000000e+00
2.789286428809602967e+03 2.000000000000000000e+00
2.792610870290096500e+03 2.000000000000000000e+00
2.795935311770590033e+03 2.000000000000000000e+00
2.799259753251083566e+03 2.000000000000000000e+00
2.802584194731577099e+03 2.000000000000000000e+00
2.805908636212070633e+03 2.000000000000000000e+00
2.809233077692564166e+03 2.000000000000000000e+00
2.812557519173057699e+03 2.000000000000000000e+00
2.815881960653551232e+03 2.000000000000000000e+00
2.819206402134044311e+03 2.000000000000000000e+00
2.822530843614537844e+03 2.000000000000000000e+00
2.825855285095031377e+03 2.000000000000000000e+00
2.829179726575524910e+03 2.000000000000000000e+00
2.832504168056018443e+03 2.000000000000000000e+00
2.835828609536511976e+03 2.000000000000000000e+00
2.839153051017005509e+03 2.000000000000000000e+00
2.842477492497499043e+03 2.000000000000000000e+00
2.845801933977992576e+03 2.000000000000000000e+00
2.849126375458486109e+03 2.000000000000000000e+00
2.852450816938979642e+03 2.000000000000000000e+00
2.855775258419473175e+03 2.000000000000000000e+00
2.859099699899966708e+03 2.000000000000000000e+00
2.862424141380459787e+03 2.000000000000000000e+00
2.865748582860953320e+03 2.000000000000000000e+00
2.869073024341446853e+03 2.000000000000000000e+00
2.872397465821940386e+03 2.000000000000000000e+00
2.875721907302433920e+03 2.000000000000000000e+00
2.879046348782927453e+03 2.000000000000000000e+00
2.882370790263420986e+03 2.000000000000000000e+00
2.885695231743914519e+03 2.000000000000000000e+00
2.889019673224408052e+03 2.000000000000000000e+00
2.892344114704901585e+03 2.000000000000000000e+00
2.895668556185395119e+03 2.000000000000000000e+00
2.898992997665888652e+03 2.000000000000000000e+00
2.902317439146381730e+03 2.000000000000000000e+00
2.905641880626875263e+03 2.000000000000000000e+00
2.908966322107368796e+03 2.000000000000000000e+00
2.912290763587862330e+03 2.000000000000000000e+00
2.915615205068355863e+03 2.000000000000000000e+00
2.918939646548849396e+03 2.000000000000000000e+00
2.922264088029342929e+03 2.000000000000000000e+00
2.925588529509836462e+03 2.000000000000000000e+00
2.928912970990329995e+03 2.000000000000000000e+00
2.932237412470823529e+03 2.000000000000000000e+00
2.935561853951317062e+03 2.000000000000000000e+00
2.938886295431810595e+03 2.000000000000000000e+00
2.942210736912304128e+03 2.000000000000000000e+00
2.945535178392797206e+03 2.000000000000000000e+00
2.948859619873290740e+03 2.000000000000000000e+00
2.952184061353784273e+03 2.000000000000000000e+00
2.955508502834277806e+03 2.000000000000000000e+00
2.958832944314771339e+03 2.000000000000000000e+00
2.962157385795264872e+03 2.000000000000000000e+00
2.965481827275758405e+03 2.000000000000000000e+00
2.968806268756251939e+03 2.000000000000000000e+00
2.972130710236745472e+03 2.000000000000000000e+00
2.975455151717239005e+03 2.000000000000000000e+00
2.978779593197732538e+03 2.000000000000000000e+00
2.982104034678226071e+03 2.000000000000000000e+00
2.985428476158719604e+03 2.000000000000000000e+00
2.988752917639212683e+03 2.000000000000000000e+00
2.992077359119706216e+03 2.000000000000000000e+00
2.995401800600199749e+03 2.000000000000000000e+00
2.998726242080693282e+03 2.000000000000000000e+00
3.002050683561186815e+03 2.000000000000000000e+00
3.005375125041680349e+03 2.000000000000000000e+00
3.008699566522173882e+03 2.000000000000000000e+00
3.012024008002667415e+03 2.000000000000000000e+00
3.015348449483160948e+03 2.000000000000000000e+00
3.018672890963654481e+03 2.000000000000000000e+00
3.021997332444148014e+03 2.000000000000000000e+00
3.025321773924641548e+03 2.000000000000000000e+00
3.028646215405135081e+03 2.000000000000000000e+00
3.031970656885628159e+03 2.000000000000000000e+00
3.035295098366121692e+03 2.000000000000000000e+00
3.038619539846615226e+03 2.000000000000000000e+00
3.041943981327108759e+03 2.000000000000000000e+00
3.045268422807602292e+03 2.000000000000000000e+00
3.048592864288095825e+03 2.000000000000000000e+00
3.051917305768589358e+03 2.000000000000000000e+00
3.055241747249082891e+03 2.000000000000000000e+00
3.058566188729576425e+03 2.000000000000000000e+00
3.061890630210069958e+03 2.000000000000000000e+00
3.065215071690563491e+03 2.000000000000000000e+00
3.068539513171057024e+03 2.000000000000000000e+00
3.071863954651550557e+03 2.000000000000000000e+00
3.075188396132043636e+03 2.000000000000000000e+00
3.078512837612537169e+03 2.000000000000000000e+00
3.081837279093030702e+03 2.000000000000000000e+00
3.085161720573524235e+03 2.000000000000000000e+00
3.088486162054017768e+03 2.000000000000000000e+00
3.091810603534511301e+03 2.000000000000000000e+00
3.095135045015004835e+03 2.000000000000000000e+00
3.098459486495498368e+03 2.000000000000000000e+00
3.101783927975991901e+03 2.000000000000000000e+00
3.105108369456485434e+03 2.000000000000000000e+00
3.108432810936978967e+03 2.000000000000000000e+00
3.111757252417472500e+03 2.000000000000000000e+00
3.115081693897966034e+03 2.000000000000000000e+00
3.118406135378459112e+03 2.000000000000000000e+00
3.121730576858952645e+03 2.000000000000000000e+00
3.125055018339446178e+03 2.000000000000000000e+00
3.128379459819939711e+03 2.000000000000000000e+00
3.131703901300433245e+03 2.000000000000000000e+00
3.135028342780926778e+03 2.000000000000000000e+00
3.138352784261420311e+03 2.000000000000000000e+00
3.141677225741913844e+03 2.000000000000000000e+00
3.145001667222407377e+03 2.000000000000000000e+00
3.148326108702900910e+03 2.000000000000000000e+00
3.151650550183394444e+03 2.000000000000000000e+00
3.154974991663887977e+03 2.000000000000000000e+00
3.158299433144381055e+03 2.000000000000000000e+00
3.161623874624874588e+03 2.000000000000000000e+00
3.164948316105368121e+03 2.000000000000000000e+00
3.168272757585861655e+03 2.000000000000000000e+00
3.171597199066355188e+03 2.000000000000000000e+00
3.174921640546848721e+03 2.000000000000000000e+00
3.178246082027342254e+03 2.000000000000000000e+00
3.181570523507835787e+03 2.000000000000000000e+00
3.184894964988329320e+03 2.000000000000000000e+00
3.188219406468822854e+03 2.000000000000000000e+00
3.191543847949316387e+03 2.000000000000000000e+00
3.194868289429809920e+03 2.000000000000000000e+00
3.198192730910303453e+03 2.000000000000000000e+00
3.201517172390796532e+03 2.000000000000000000e+00
3.204841613871290065e+03 2.000000000000000000e+00
3.208166055351783598e+03 2.000000000000000000e+00
3.211490496832277131e+03 2.000000000000000000e+00
3.214814938312770664e+03 2.000000000000000000e+00
3.218139379793264197e+03 2.000000000000000000e+00
3.221463821273757731e+03 2.000000000000000000e+00
3.224788262754251264e+03 2.000000000000000000e+00
3.228112704234744797e+03 2.000000000000000000e+00
3.231437145715238330e+03 2.000000000000000000e+00
3.234761587195731863e+03 2.000000000000000000e+00
3.238086028676225396e+03 2.000000000000000000e+00
3.241410470156718930e+03 2.000000000000000000e+00
3.244734911637212008e+03 2.000000000000000000e+00
3.248059353117705541e+03 2.000000000000000000e+00
3.251383794598199074e+03 2.000000000000000000e+00
3.254708236078692607e+03 2.000000000000000000e+00
3.258032677559186141e+03 2.000000000000000000e+00
3.261357119039679674e+03 2.000000000000000000e+00
3.264681560520173207e+03 2.000000000000000000e+00
3.268006002000666740e+03 2.000000000000000000e+00
3.271330443481160273e+03 2.000000000000000000e+00
3.274654884961653806e+03 2.000000000000000000e+00
3.277979326442147340e+03 2.000000000000000000e+00
3.281303767922640873e+03 2.000000000000000000e+00
3.284628209403134406e+03 2.000000000000000000e+00
3.287952650883627484e+03 2.000000000000000000e+00
3.291277092364121017e+03 2.000000000000000000e+00
3.294601533844614551e+03 2.000000000000000000e+00
3.297925975325108084e+03 2.000000000000000000e+00
3.301250416805601617e+03 2.000000000000000000e+00
3.304574858286095150e+03 2.000000000000000000e+00
3.307899299766588683e+03 2.000000000000000000e+00
3.311223741247082216e+03 2.000000000000000000e+00
3.314548182727575750e+03 2.000000000000000000e+00
3.317872624208069283e+03 2.000000000000000000e+00
3.321197065688562816e+03 2.000000000000000000e+00
3.324521507169056349e+03 2.000000000000000000e+00
3.327845948649549428e+03 2.000000000000000000e+00
3.331170390130042961e+03 2.000000000000000000e+00
3.334494831610536494e+03 2.000000000000000000e+00
3.337819273091030027e+03 2.000000000000000000e+00
3.341143714571523560e+03 2.000000000000000000e+00
3.344468156052017093e+03 2.000000000000000000e+00
3.347792597532510626e+03 2.000000000000000000e+00
3.351117039013004160e+03 2.000000000000000000e+00
3.354441480493497693e+03 2.000000000000000000e+00
3.357765921973991226e+03 2.000000000000000000e+00
3.361090363454484759e+03 2.000000000000000000e+00
3.364414804934978292e+03 2.000000000000000000e+00
3.367739246415471825e+03 2.000000000000000000e+00
3.371063687895964904e+03 2.000000000000000000e+00
3.374388129376458437e+03 2.000000000000000000e+00
3.377712570856951970e+03 2.000000000000000000e+00
3.381037012337445503e+03 2.000000000000000000e+00
3.384361453817939037e+03 2.000000000000000000e+00
3.387685895298432570e+03 2.000000000000000000e+00
3.391010336778926103e+03 2.000000000000000000e+00
3.394334778259419636e+03 2.000000000000000000e+00
3.397659219739913169e+03 2.000000000000000000e+00
3.400983661220406702e+03 2.000000000000000000e+00
3.404308102700900236e+03 2.000000000000000000e+00
3.407632544181393769e+03 2.000000000000000000e+00
3.410956985661887302e+03 2.000000000000000000e+00
3.414281427142380380e+03 2.000000000000000000e+00
3.417605868622873913e+03 2.000000000000000000e+00
3.420930310103367447e+03 2.000000000000000000e+00
3.424254751583860980e+03 2.000000000000000000e+00
3.427579193064354513e+03 2.000000000000000000e+00
3.430903634544848046e+03 2.000000000000000000e+00
3.434228076025341579e+03 2.000000000000000000e+00
3.437552517505835112e+03 2.000000000000000000e+00
3.440876958986328646e+03 2.000000000000000000e+00
3.444201400466822179e+03 2.000000000000000000e+00
3.447525841947315712e+03 2.000000000000000000e+00
3.450850283427809245e+03 2.000000000000000000e+00
3.454174724908302778e+03 2.000000000000000000e+00
3.457499166388795857e+03 2.000000000000000000e+00
3.460823607869289390e+03 2.000000000000000000e+00
3.464148049349782923e+03 2.000000000000000000e+00
3.467472490830276456e+03 2.000000000000000000e+00
3.470796932310769989e+03 2.000000000000000000e+00
3.474121373791263522e+03 2.000000000000000000e+00
3.477445815271757056e+03 2.000000000000000000e+00
3.480770256752250589e+03 2.000000000000000000e+00
3.484094698232744122e+03 2.000000000000000000e+00
3.487419139713237655e+03 2.000000000000000000e+00
3.490743581193731188e+03 2.000000000000000000e+00
3.494068022674224721e+03 2.000000000000000000e+00
3.497392464154718255e+03 2.000000000000000000e+00
3.500716905635211333e+03 2.000000000000000000e+00
3.504041347115704866e+03 2.000000000000000000e+00
3.507365788596198399e+03 2.000000000000000000e+00
3.510690230076691932e+03 2.000000000000000000e+00
3.514014671557185466e+03 2.000000000000000000e+00
3.517339113037678999e+03 2.000000000000000000e+00
3.520663554518172532e+03 2.000000000000000000e+00
3.523987995998666065e+03 2.000000000000000000e+00
3.527312437479159598e+03 2.000000000000000000e+00
3.530636878959653131e+03 2.000000000000000000e+00
3.533961320440146665e+03 2.000000000000000000e+00
3.537285761920640198e+03 2.000000000000000000e+00
3.540610203401133731e+03 2.000000000000000000e+00
3.543934644881626809e+03 2.000000000000000000e+00
3.547259086362120343e+03 2.000000000000000000e+00
3.550583527842613876e+03 2.000000000000000000e+00
3.553907969323107409e+03 2.000000000000000000e+00
3.557232410803600942e+03 2.000000000000000000e+00
3.560556852284094475e+03 2.000000000000000000e+00
3.563881293764588008e+03 2.000000000000000000e+00
3.567205735245081542e+03 2.000000000000000000e+00
3.570530176725575075e+03 2.000000000000000000e+00
3.573854618206068608e+03 2.000000000000000000e+00
3.577179059686562141e+03 2.000000000000000000e+00
3.580503501167055674e+03 2.000000000000000000e+00
3.583827942647548753e+03 2.000000000000000000e+00
3.587152384128042286e+03 2.000000000000000000e+00
3.590476825608535819e+03 2.000000000000000000e+00
3.593801267089029352e+03 2.000000000000000000e+00
3.597125708569522885e+03 2.000000000000000000e+00
3.600450150050016418e+03 2.000000000000000000e+00
3.603774591530509952e+03 2.000000000000000000e+00
3.607099033011003485e+03 2.000000000000000000e+00
3.610423474491497018e+03 2.000000000000000000e+00
3.613747915971990551e+03 2.000000000000000000e+00
3.617072357452484084e+03 2.000000000000000000e+00
3.620396798932977617e+03 2.000000000000000000e+00
3.623721240413471151e+03 2.000000000000000000e+00
3.627045681893964229e+03 2.000000000000000000e+00
3.630370123374457762e+03 2.000000000000000000e+00
3.633694564854951295e+03 2.000000000000000000e+00
3.637019006335444828e+03 2.000000000000000000e+00
3.640343447815938362e+03 2.000000000000000000e+00
3.643667889296431895e+03 2.000000000000000000e+00
3.646992330776925428e+03 2.000000000000000000e+00
3.650316772257418961e+03 2.000000000000000000e+00
3.653641213737912494e+03 2.000000000000000000e+00
3.656965655218406027e+03 2.000000000000000000e+00
3.660290096698899561e+03 2.000000000000000000e+00
3.663614538179393094e+03 2.000000000000000000e+00
3.666938979659886627e+03 2.000000000000000000e+00
3.670263421140379705e+03 2.000000000000000000e+00
3.673587862620873238e+03 2.000000000000000000e+00
3.676912304101366772e+03 2.000000000000000000e+00
3.680236745581860305e+03 2.000000000000000000e+00
3.683561187062353838e+03 2.000000000000000000e+00
3.686885628542847371e+03 2.000000000000000000e+00
3.690210070023340904e+03 2.000000000000000000e+00
3.693534511503834437e+03 2.000000000000000000e+00
3.696858952984327971e+03 2.000000000000000000e+00
3.700183394464821504e+03 2.000000000000000000e+00
3.703507835945315037e+03 2.000000000000000000e+00
3.706832277425808570e+03 2.000000000000000000e+00
3.710156718906302103e+03 2.000000000000000000e+00
3.713481160386795182e+03 2.000000000000000000e+00
3.716805601867288715e+03 2.000000000000000000e+00
3.720130043347782248e+03 2.000000000000000000e+00
3.723454484828275781e+03 2.000000000000000000e+00
3.726778926308769314e+03 2.000000000000000000e+00
3.730103367789262848e+03 2.000000000000000000e+00
3.733427809269756381e+03 2.000000000000000000e+00
3.736752250750249914e+03 2.000000000000000000e+00
3.740076692230743447e+03 2.000000000000000000e+00
3.743401133711236980e+03 2.000000000000000000e+00
3.746725575191730513e+03 2.000000000000000000e+00
3.750050016672224046e+03 2.000000000000000000e+00
3.753374458152717125e+03 2.000000000000000000e+00
3.756698899633210658e+03 2.000000000000000000e+00
3.760023341113704191e+03 2.000000000000000000e+00
3.763347782594197724e+03 2.000000000000000000e+00
3.766672224074691258e+03 2.000000000000000000e+00
3.769996665555184791e+03 2.000000000000000000e+00
3.773321107035678324e+03 2.000000000000000000e+00
3.776645548516171857e+03 2.000000000000000000e+00
3.779969989996665390e+03 2.000000000000000000e+00
3.783294431477158923e+03 2.000000000000000000e+00
3.786618872957652457e+03 2.000000000000000000e+00
3.789943314438145990e+03 2.000000000000000000e+00
3.793267755918639523e+03 2.000000000000000000e+00
3.796592197399132601e+03 2.000000000000000000e+00
3.799916638879626134e+03 2.000000000000000000e+00
3.803241080360119668e+03 2.000000000000000000e+00
3.806565521840613201e+03 2.000000000000000000e+00
3.809889963321106734e+03 2.000000000000000000e+00
3.813214404801600267e+03 2.000000000000000000e+00
3.816538846282093800e+03 2.000000000000000000e+00
3.819863287762587333e+03 2.000000000000000000e+00
3.823187729243080867e+03 2.000000000000000000e+00
3.826512170723574400e+03 2.000000000000000000e+00
3.829836612204067933e+03 2.000000000000000000e+00
3.833161053684561466e+03 2.000000000000000000e+00
3.836485495165054999e+03 2.000000000000000000e+00
3.839809936645548078e+03 2.000000000000000000e+00
3.843134378126041611e+03 2.000000000000000000e+00
3.846458819606535144e+03 2.000000000000000000e+00
3.849783261087028677e+03 2.000000000000000000e+00
3.853107702567522210e+03 2.000000000000000000e+00
3.856432144048015743e+03 2.000000000000000000e+00
3.859756585528509277e+03 2.000000000000000000e+00
3.863081027009002810e+03 2.000000000000000000e+00
3.866405468489496343e+03 2.000000000000000000e+00
3.869729909969989876e+03 2.000000000000000000e+00
3.873054351450483409e+03 2.000000000000000000e+00
3.876378792930976942e+03 2.000000000000000000e+00
3.879703234411470476e+03 2.000000000000000000e+00
3.883027675891963554e+03 2.000000000000000000e+00
3.886352117372457087e+03 2.000000000000000000e+00
3.889676558852950620e+03 2.000000000000000000e+00
3.893001000333444154e+03 2.000000000000000000e+00
3.896325441813937687e+03 2.000000000000000000e+00
3.899649883294431220e+03 2.000000000000000000e+00
3.902974324774924753e+03 2.000000000000000000e+00
3.906298766255418286e+03 2.000000000000000000e+00
3.909623207735911819e+03 2.000000000000000000e+00
3.912947649216405352e+03 2.000000000000000000e+00
3.916272090696898886e+03 2.000000000000000000e+00
3.919596532177392419e+03 2.000000000000000000e+00
3.922920973657885952e+03 2.000000000000000000e+00
3.926245415138379030e+03 2.000000000000000000e+00
3.929569856618872564e+03 2.000000000000000000e+00
3.932894298099366097e+03 2.000000000000000000e+00
3.936218739579859630e+03 2.000000000000000000e+00
3.939543181060353163e+03 2.000000000000000000e+00
3.942867622540846696e+03 2.000000000000000000e+00
3.946192064021340229e+03 2.000000000000000000e+00
3.949516505501833763e+03 2.000000000000000000e+00
3.952840946982327296e+03 2.000000000000000000e+00
3.956165388462820829e+03 2.000000000000000000e+00
3.959489829943314362e+03 2.000000000000000000e+00
3.962814271423807895e+03 2.000000000000000000e+00
3.966138712904301428e+03 2.000000000000000000e+00
3.969463154384794507e+03 2.000000000000000000e+00
3.972787595865288040e+03 2.000000000000000000e+00
3.976112037345781573e+03 2.000000000000000000e+00
3.979436478826275106e+03 2.000000000000000000e+00
3.982760920306768639e+03 2.000000000000000000e+00
3.986085361787262173e+03 2.000000000000000000e+00
3.989409803267755706e+03 2.000000000000000000e+00
3.992734244748249239e+03 2.000000000000000000e+00
3.996058686228742772e+03 2.000000000000000000e+00
3.999383127709236305e+03 2.000000000000000000e+00
4.002707569189729838e+03 2.000000000000000000e+00
4.006032010670223372e+03 2.000000000000000000e+00
4.009356452150716450e+03 2.000000000000000000e+00
4.012680893631209983e+03 2.000000000000000000e+00
4.016005335111703516e+03 2.000000000000000000e+00
4.019329776592197049e+03 2.000000000000000000e+00
4.022654218072690583e+03 2.000000000000000000e+00
4.025978659553184116e+03 2.000000000000000000e+00
4.029303101033677649e+03 2.000000000000000000e+00
4.032627542514171182e+03 2.000000000000000000e+00
4.035951983994664715e+03 2.000000000000000000e+00
4.039276425475158248e+03 2.000000000000000000e+00
4.042600866955651782e+03 2.000000000000000000e+00
4.045925308436145315e+03 2.000000000000000000e+00
4.049249749916638848e+03 2.000000000000000000e+00
4.052574191397131926e+03 2.000000000000000000e+00
4.055898632877625460e+03 2.000000000000000000e+00
4.059223074358118993e+03 2.000000000000000000e+00
4.062547515838612526e+03 2.000000000000000000e+00
4.065871957319106059e+03 2.000000000000000000e+00
4.069196398799599592e+03 2.000000000000000000e+00
4.072520840280093125e+03 2.000000000000000000e+00
4.075845281760586658e+03 2.000000000000000000e+00
4.079169723241080192e+03 2.000000000000000000e+00
4.082494164721573725e+03 2.000000000000000000e+00
4.085818606202067258e+03 2.000000000000000000e+00
4.089143047682560791e+03 2.000000000000000000e+00
4.092467489163054324e+03 2.000000000000000000e+00
4.095791930643547403e+03 2.000000000000000000e+00
4.099116372124040936e+03 2.000000000000000000e+00
4.102440813604534924e+03 2.000000000000000000e+00
4.105765255085028002e+03 2.000000000000000000e+00
4.109089696565521081e+03 2.000000000000000000e+00
4.112414138046015069e+03 2.000000000000000000e+00
4.115738579526509056e+03 2.000000000000000000e+00
4.119063021007002135e+03 2.000000000000000000e+00
4.122387462487495213e+03 2.000000000000000000e+00
4.125711903967989201e+03 2.000000000000000000e+00
4.129036345448482280e+03 2.000000000000000000e+00
4.132360786928976268e+03 2.000000000000000000e+00
4.135685228409469346e+03 2.000000000000000000e+00
4.139009669889963334e+03 2.000000000000000000e+00
4.142334111370456412e+03 2.000000000000000000e+00
4.145658552850950400e+03 2.000000000000000000e+00
4.148982994331443479e+03 2.000000000000000000e+00
4.152307435811937466e+03 2.000000000000000000e+00
4.155631877292430545e+03 2.000000000000000000e+00
4.158956318772923623e+03 2.000000000000000000e+00
4.162280760253417611e+03 2.000000000000000000e+00
4.165605201733910690e+03 2.000000000000000000e+00
4.168929643214404678e+03 2.000000000000000000e+00
4.172254084694897756e+03 2.000000000000000000e+00
4.175578526175391744e+03 2.000000000000000000e+00
4.178902967655884822e+03 2.000000000000000000e+00
4.182227409136378810e+03 2.000000000000000000e+00
4.185551850616871889e+03 2.000000000000000000e+00
4.188876292097365877e+03 2.000000000000000000e+00
4.192200733577858955e+03 2.000000000000000000e+00
4.195525175058352943e+03 2.000000000000000000e+00
4.198849616538846021e+03 2.000000000000000000e+00
4.202174058019339100e+03 2.000000000000000000e+00
4.205498499499833088e+03 2.000000000000000000e+00
4.208822940980326166e+03 2.000000000000000000e+00
4.212147382460820154e+03 2.000000000000000000e+00
4.215471823941313232e+03 2.000000000000000000e+00
4.218796265421807220e+03 2.000000000000000000e+00
4.222120706902300299e+03 2.000000000000000000e+00
4.225445148382794287e+03 2.000000000000000000e+00
4.228769589863287365e+03 2.000000000000000000e+00
4.232094031343781353e+03 2.000000000000000000e+00
4.235418472824274431e+03 2.000000000000000000e+00
4.238742914304768419e+03 2.000000000000000000e+00
4.242067355785261498e+03 2.000000000000000000e+00
4.245391797265754576e+03 2.000000000000000000e+00
4.248716238746248564e+03 2.000000000000000000e+00
4.252040680226741642e+03 2.000000000000000000e+00
4.255365121707235630e+03 2.000000000000000000e+00
4.258689563187728709e+03 2.000000000000000000e+00
4.262014004668222697e+03 2.000000000000000000e+00
4.265338446148715775e+03 2.000000000000000000e+00
4.268662887629209763e+03 2.000000000000000000e+00
4.271987329109702841e+03 2.000000000000000000e+00
4.275311770590196829e+03 2.000000000000000000e+00
4.278636212070689908e+03 2.000000000000000000e+00
4.281960653551183896e+03 2.000000000000000000e+00
4.285285095031676974e+03 2.000000000000000000e+00
4.288609536512170052e+03 2.000000000000000000e+00
4.291933977992664040e+03 2.000000000000000000e+00
4.295258419473157119e+03 2.000000000000000000e+00
4.298582860953651107e+03 2.000000000000000000e+00
4.301907302434144185e+03 2.000000000000000000e+00
4.305231743914638173e+03 2.000000000000000000e+00
4.308556185395131251e+03 2.000000000000000000e+00
4.311880626875625239e+03 2.000000000000000000e+00
4.315205068356118318e+03 2.000000000000000000e+00
4.318529509836612306e+03 2.000000000000000000e+00
4.321853951317105384e+03 2.000000000000000000e+00
4.325178392797599372e+03 2.000000000000000000e+00
4.328502834278092450e+03 2.000000000000000000e+00
4.331827275758585529e+03 2.000000000000000000e+00
4.335151717239079517e+03 2.000000000000000000e+00
4.338476158719572595e+03 2.000000000000000000e+00
4.341800600200066583e+03 2.000000000000000000e+00
4.345125041680559661e+03 2.000000000000000000e+00
4.348449483161053649e+03 2.000000000000000000e+00
4.351773924641546728e+03 2.000000000000000000e+00
4.355098366122040716e+03 2.000000000000000000e+00
4.358422807602533794e+03 2.000000000000000000e+00
4.361747249083027782e+03 2.000000000000000000e+00
4.365071690563520860e+03 2.000000000000000000e+00
4.368396132044014848e+03 2.000000000000000000e+00
4.371720573524507927e+03 2.000000000000000000e+00
4.375045015005001005e+03 2.000000000000000000e+00
4.378369456485494993e+03 2.000000000000000000e+00
4.381693897965988072e+03 2.000000000000000000e+00
4.385018339446482059e+03 2.000000000000000000e+00
4.388342780926975138e+03 2.000000000000000000e+00
4.391667222407469126e+03 2.000000000000000000e+00
4.394991663887962204e+03 2.000000000000000000e+00
4.398316105368456192e+03 2.000000000000000000e+00
4.401640546848949270e+03 2.000000000000000000e+00
4.404964988329443258e+03 2.000000000000000000e+00
4.408289429809936337e+03 2.000000000000000000e+00
4.411613871290430325e+03 2.000000000000000000e+00
4.414938312770923403e+03 2.000000000000000000e+00
4.418262754251416482e+03 2.000000000000000000e+00
4.421587195731910469e+03 2.000000000000000000e+00
4.424911637212403548e+03 2.000000000000000000e+00
4.428236078692897536e+03 2.000000000000000000e+00
4.431560520173390614e+03 2.000000000000000000e+00
4.434884961653884602e+03 2.000000000000000000e+00
4.438209403134377681e+03 2.000000000000000000e+00
4.441533844614871668e+03 2.000000000000000000e+00
4.444858286095364747e+03 2.000000000000000000e+00
4.448182727575858735e+03 2.000000000000000000e+00
4.451507169056351813e+03 2.000000000000000000e+00
4.454831610536845801e+03 2.000000000000000000e+00
4.458156052017338880e+03 2.000000000000000000e+00
4.461480493497831958e+03 2.000000000000000000e+00
4.464804934978325946e+03 2.000000000000000000e+00
4.468129376458819024e+03 2.000000000000000000e+00
4.471453817939313012e+03 2.000000000000000000e+00
4.474778259419806091e+03 2.000000000000000000e+00
4.478102700900300079e+03 2.000000000000000000e+00
4.481427142380793157e+03 2.000000000000000000e+00
4.484751583861287145e+03 2.000000000000000000e+00
4.488076025341780223e+03 2.000000000000000000e+00
4.491400466822274211e+03 2.000000000000000000e+00
4.494724908302767290e+03 2.000000000000000000e+00
4.498049349783261277e+03 2.000000000000000000e+00
4.501373791263754356e+03 2.000000000000000000e+00
4.504698232744247434e+03 2.000000000000000000e+00
4.508022674224741422e+03 2.000000000000000000e+00
4.511347115705234501e+03 2.000000000000000000e+00
4.514671557185728489e+03 2.000000000000000000e+00
4.517995998666221567e+03 2.000000000000000000e+00
4.521320440146715555e+03 2.000000000000000000e+00
4.524644881627208633e+03 2.000000000000000000e+00
4.527969323107702621e+03 2.000000000000000000e+00
4.531293764588195700e+03 2.000000000000000000e+00
4.534618206068689688e+03 2.000000000000000000e+00
4.537942647549182766e+03 2.000000000000000000e+00
4.541267089029675844e+03 2.000000000000000000e+00
4.544591530510169832e+03 2.000000000000000000e+00
4.547915971990662911e+03 2.000000000000000000e+00
4.551240413471156899e+03 2.000000000000000000e+00
4.554564854951649977e+03 2.000000000000000000e+00
4.557889296432143965e+03 2.000000000000000000e+00
4.561213737912637043e+03 2.000000000000000000e+00
4.564538179393131031e+03 2.000000000000000000e+00
4.567862620873624110e+03 2.000000000000000000e+00
4.571187062354118098e+03 2.000000000000000000e+00
4.574511503834611176e+03 2.000000000000000000e+00
4.577835945315105164e+03 2.000000000000000000e+00
4.581160386795598242e+03 2.000000000000000000e+00
4.584484828276091321e+03 2.000000000000000000e+00
4.587809269756585309e+03 2.000000000000000000e+00
4.591133711237078387e+03 2.000000000000000000e+00
4.594458152717572375e+03 2.000000000000000000e+00
4.597782594198065453e+03 2.000000000000000000e+00
4.601107035678559441e+03 2.000000000000000000e+00
4.604431477159052520e+03 2.000000000000000000e+00
4.607755918639546508e+03 2.000000000000000000e+00
4.611080360120039586e+03 2.000000000000000000e+00
4.614404801600533574e+03 2.000000000000000000e+00
4.617729243081026652e+03 2.000000000000000000e+00
4.621053684561520640e+03 2.000000000000000000e+00
4.624378126042013719e+03 2.000000000000000000e+00
4.627702567522506797e+03 2.000000000000000000e+00
4.631027009003000785e+03 2.000000000000000000e+00
4.634351450483493863e+03 2.000000000000000000e+00
4.637675891963987851e+03 2.000000000000000000e+00
4.641000333444480930e+03 2.000000000000000000e+00
4.644324774924974918e+03 2.000000000000000000e+00
4.647649216405467996e+03 2.000000000000000000e+00
4.650973657885961984e+03 2.000000000000000000e+00
4.654298099366455062e+03 2.000000000000000000e+00
4.657622540846949050e+03 2.000000000000000000e+00
4.660946982327442129e+03 2.000000000000000000e+00
4.664271423807936117e+03 2.000000000000000000e+00
4.667595865288429195e+03 2.000000000000000000e+00
4.670920306768922273e+03 2.000000000000000000e+00
4.674244748249416261e+03 2.000000000000000000e+00
4.677569189729909340e+03 2.000000000000000000e+00
4.680893631210403328e+03 2.000000000000000000e+00
4.684218072690896406e+03 2.000000000000000000e+00
4.687542514171390394e+03 2.000000000000000000e+00
4.690866955651883472e+03 2.000000000000000000e+00
4.694191397132377460e+03 2.000000000000000000e+00
4.697515838612870539e+03 2.000000000000000000e+00
4.700840280093364527e+03 2.000000000000000000e+00
4.704164721573857605e+03 2.000000000000000000e+00
4.707489163054351593e+03 2.000000000000000000e+00
4.710813604534844671e+03 2.000000000000000000e+00
4.714138046015337750e+03 2.000000000000000000e+00
4.717462487495831738e+03 2.000000000000000000e+00
4.720786928976324816e+03 2.000000000000000000e+00
4.724111370456818804e+03 2.000000000000000000e+00
4.727435811937311883e+03 2.000000000000000000e+00
4.730760253417805870e+03 2.000000000000000000e+00
4.734084694898298949e+03 2.000000000000000000e+00
4.737409136378792937e+03 2.000000000000000000e+00
4.740733577859286015e+03 2.000000000000000000e+00
4.744058019339780003e+03 2.000000000000000000e+00
4.747382460820273081e+03 2.000000000000000000e+00
4.750706902300767069e+03 2.000000000000000000e+00
4.754031343781260148e+03 2.000000000000000000e+00
4.757355785261753226e+03 2.000000000000000000e+00
4.760680226742247214e+03 2.000000000000000000e+00
4.764004668222740293e+03 2.000000000000000000e+00
4.767329109703234280e+03 2.000000000000000000e+00
4.770653551183727359e+03 2.000000000000000000e+00
4.773977992664221347e+03 2.000000000000000000e+00
4.777302434144714425e+03 2.000000000000000000e+00
4.780626875625208413e+03 2.000000000000000000e+00
4.783951317105701492e+03 2.000000000000000000e+00
4.787275758586195479e+03 2.000000000000000000e+00
4.790600200066688558e+03 2.000000000000000000e+00
4.793924641547182546e+03 2.000000000000000000e+00
4.797249083027675624e+03 2.000000000000000000e+00
4.800573524508168703e+03 2.000000000000000000e+00
4.803897965988662691e+03 2.000000000000000000e+00
4.807222407469155769e+03 2.000000000000000000e+00
4.810546848949649757e+03 2.000000000000000000e+00
4.813871290430142835e+03 2.000000000000000000e+00
4.817195731910636823e+03 2.000000000000000000e+00
4.820520173391129902e+03 2.000000000000000000e+00
4.823844614871623889e+03 2.000000000000000000e+00
4.827169056352116968e+03 2.000000000000000000e+00
4.830493497832610956e+03 2.000000000000000000e+00
4.833817939313104034e+03 2.000000000000000000e+00
4.837142380793598022e+03 2.000000000000000000e+00
4.840466822274091101e+03 2.000000000000000000e+00
4.843791263754584179e+03 2.000000000000000000e+00
4.847115705235078167e+03 2.000000000000000000e+00
4.850440146715571245e+03 2.000000000000000000e+00
4.853764588196065233e+03 2.000000000000000000e+00
4.857089029676558312e+03 2.000000000000000000e+00
4.860413471157052300e+03 2.000000000000000000e+00
4.863737912637545378e+03 2.000000000000000000e+00
4.867062354118039366e+03 2.000000000000000000e+00
4.870386795598532444e+03 2.000000000000000000e+00
4.873711237079026432e+03 2.000000000000000000e+00
4.877035678559519511e+03 2.000000000000000000e+00
4.880360120040013499e+03 2.000000000000000000e+00
4.883684561520506577e+03 2.000000000000000000e+00
4.887009003000999655e+03 2.000000000000000000e+00
4.890333444481493643e+03 2.000000000000000000e+00
4.893657885961986722e+03 2.000000000000000000e+00
4.896982327442480710e+03 2.000000000000000000e+00
4.900306768922973788e+03 2.000000000000000000e+00
4.903631210403467776e+03 2.000000000000000000e+00
4.906955651883960854e+03 2.000000000000000000e+00
4.910280093364454842e+03 2.000000000000000000e+00
4.913604534844947921e+03 2.000000000000000000e+00
4.916928976325441909e+03 2.000000000000000000e+00
4.920253417805934987e+03 2.000000000000000000e+00
4.923577859286428065e+03 2.000000000000000000e+00
4.926902300766922053e+03 2.000000000000000000e+00
4.930226742247415132e+03 2.000000000000000000e+00
4.933551183727909120e+03 2.000000000000000000e+00
4.936875625208402198e+03 2.000000000000000000e+00
4.940200066688896186e+03 2.000000000000000000e+00
4.943524508169389264e+03 2.000000000000000000e+00
4.946848949649883252e+03 2.000000000000000000e+00
4.950173391130376331e+03 2.000000000000000000e+00
4.953497832610870319e+03 2.000000000000000000e+00
4.956822274091363397e+03 2.000000000000000000e+00
4.960146715571857385e+03 2.000000000000000000e+00
4.963471157052350463e+03 2.000000000000000000e+00
4.966795598532843542e+03 2.000000000000000000e+00
4.970120040013337530e+03 2.000000000000000000e+00
4.973444481493830608e+03 2.000000000000000000e+00
4.976768922974324596e+03 2.000000000000000000e+00
4.980093364454817674e+03 2.000000000000000000e+00
4.983417805935311662e+03 2.000000000000000000e+00
4.986742247415804741e+03 2.000000000000000000e+00
4.990066688896298729e+03 2.000000000000000000e+00
4.993391130376791807e+03 2.000000000000000000e+00
4.996715571857285795e+03 2.000000000000000000e+00
5.000040013337778873e+03 2.000000000000000000e+00
5.003364454818272861e+03 2.000000000000000000e+00
5.006688896298765940e+03 2.000000000000000000e+00
5.010013337779259018e+03 2.000000000000000000e+00
5.013337779259753006e+03 2.000000000000000000e+00
5.016662220740246084e+03 2.000000000000000000e+00
5.019986662220740072e+03 2.000000000000000000e+00
5.023311103701233151e+03 2.000000000000000000e+00
5.026635545181727139e+03 2.000000000000000000e+00
5.029959986662220217e+03 2.000000000000000000e+00
5.033284428142714205e+03 2.000000000000000000e+00
5.036608869623207283e+03 2.000000000000000000e+00
5.039933311103701271e+03 2.000000000000000000e+00
5.043257752584194350e+03 2.000000000000000000e+00
5.046582194064688338e+03 2.000000000000000000e+00
5.049906635545181416e+03 2.000000000000000000e+00
5.053231077025674495e+03 2.000000000000000000e+00
5.056555518506168482e+03 2.000000000000000000e+00
5.059879959986661561e+03 2.000000000000000000e+00
5.063204401467155549e+03 2.000000000000000000e+00
5.066528842947648627e+03 2.000000000000000000e+00
5.069853284428142615e+03 2.000000000000000000e+00
5.073177725908635693e+03 2.000000000000000000e+00
5.076502167389129681e+03 2.000000000000000000e+00
5.079826608869622760e+03 2.000000000000000000e+00
5.083151050350116748e+03 2.000000000000000000e+00
5.086475491830609826e+03 2.000000000000000000e+00
5.089799933311103814e+03 2.000000000000000000e+00
5.093124374791596892e+03 2.000000000000000000e+00
5.096448816272089971e+03 2.000000000000000000e+00
5.099773257752583959e+03 2.000000000000000000e+00
5.103097699233077037e+03 2.000000000000000000e+00
5.106422140713571025e+03 2.000000000000000000e+00
5.109746582194064104e+03 2.000000000000000000e+00
5.113071023674558091e+03 2.000000000000000000e+00
5.116395465155051170e+03 2.000000000000000000e+00
5.119719906635545158e+03 2.000000000000000000e+00
5.123044348116038236e+03 2.000000000000000000e+00
5.126368789596532224e+03 2.000000000000000000e+00
5.129693231077025303e+03 2.000000000000000000e+00
5.133017672557519290e+03 2.000000000000000000e+00
5.136342114038012369e+03 2.000000000000000000e+00
5.139666555518505447e+03 2.000000000000000000e+00
5.142990996998999435e+03 2.000000000000000000e+00
5.146315438479492514e+03 2.000000000000000000e+00
5.149639879959986501e+03 2.000000000000000000e+00
5.152964321440479580e+03 2.000000000000000000e+00
5.156288762920973568e+03 2.000000000000000000e+00
5.159613204401466646e+03 2.000000000000000000e+00
5.162937645881960634e+03 2.000000000000000000e+00
5.166262087362453713e+03 2.000000000000000000e+00
5.169586528842947700e+03 2.000000000000000000e+00
5.172910970323440779e+03 2.000000000000000000e+00
5.176235411803934767e+03 2.000000000000000000e+00
5.179559853284427845e+03 2.000000000000000000e+00
5.182884294764920924e+03 2.000000000000000000e+00
5.186208736245414912e+03 2.000000000000000000e+00
5.189533177725907990e+03 2.000000000000000000e+00
5.192857619206401978e+03 2.000000000000000000e+00
5.196182060686895056e+03 2.000000000000000000e+00
5.199506502167389044e+03 2.000000000000000000e+00
5.202830943647882123e+03 2.000000000000000000e+00
5.206155385128376111e+03 2.000000000000000000e+00
5.209479826608869189e+03 2.000000000000000000e+00
5.212804268089363177e+03 2.000000000000000000e+00
5.216128709569856255e+03 2.000000000000000000e+00
5.219453151050350243e+03 2.000000000000000000e+00
5.222777592530843322e+03 2.000000000000000000e+00
5.226102034011336400e+03 2.000000000000000000e+00
5.229426475491830388e+03 2.000000000000000000e+00
5.232750916972323466e+03 2.000000000000000000e+00
5.236075358452817454e+03 2.000000000000000000e+00
5.239399799933310533e+03 2.000000000000000000e+00
5.242724241413804521e+03 2.000000000000000000e+00
5.246048682894297599e+03 2.000000000000000000e+00
5.249373124374791587e+03 2.000000000000000000e+00
5.252697565855284665e+03 2.000000000000000000e+00
5.256022007335778653e+03 2.000000000000000000e+00
5.259346448816271732e+03 2.000000000000000000e+00
5.262670890296765720e+03 2.000000000000000000e+00
5.265995331777258798e+03 2.000000000000000000e+00
5.269319773257751876e+03 2.000000000000000000e+00
5.272644214738245864e+03 2.000000000000000000e+00
5.275968656218738943e+03 2.000000000000000000e+00
5.279293097699232931e+03 2.000000000000000000e+00
5.282617539179726009e+03 2.000000000000000000e+00
5.285941980660219997e+03 2.000000000000000000e+00
5.289266422140713075e+03 2.000000000000000000e+00
5.292590863621207063e+03 2.000000000000000000e+00
5.295915305101700142e+03 2.000000000000000000e+00
5.299239746582194130e+03 2.000000000000000000e+00
5.302564188062687208e+03 2.000000000000000000e+00
5.305888629543181196e+03 2.000000000000000000e+00
5.309213071023674274e+03 2.000000000000000000e+00
5.312537512504167353e+03 2.000000000000000000e+00
5.315861953984661341e+03 2.000000000000000000e+00
5.319186395465154419e+03 2.000000000000000000e+00
5.322510836945648407e+03 2.000000000000000000e+00
5.325835278426141485e+03 2.000000000000000000e+00
5.329159719906635473e+03 2.000000000000000000e+00
5.332484161387128552e+03 2.000000000000000000e+00
5.335808602867622540e+03 2.000000000000000000e+00
5.339133044348115618e+03 2.000000000000000000e+00
5.342457485828609606e+03 2.000000000000000000e+00
5.345781927309102684e+03 2.000000000000000000e+00
5.349106368789596672e+03 2.000000000000000000e+00
5.352430810270089751e+03 2.000000000000000000e+00
5.355755251750582829e+03 2.000000000000000000e+00
5.359079693231076817e+03 2.000000000000000000e+00
5.362404134711569895e+03 2.000000000000000000e+00
5.365728576192063883e+03 2.000000000000000000e+00
5.369053017672556962e+03 2.000000000000000000e+00
5.372377459153050950e+03 2.000000000000000000e+00
5.375701900633544028e+03 2.000000000000000000e+00
5.379026342114038016e+03 2.000000000000000000e+00
5.382350783594531094e+03 2.000000000000000000e+00
5.385675225075025082e+03 2.000000000000000000e+00
5.388999666555518161e+03 2.000000000000000000e+00
5.392324108036011239e+03 2.000000000000000000e+00
5.395648549516505227e+03 2.000000000000000000e+00
5.398972990996998305e+03 2.000000000000000000e+00
5.402297432477492293e+03 2.000000000000000000e+00
5.405621873957985372e+03 2.000000000000000000e+00
5.408946315438479360e+03 2.000000000000000000e+00
5.412270756918972438e+03 2.000000000000000000e+00
5.415595198399466426e+03 2.000000000000000000e+00
5.418919639879959504e+03 2.000000000000000000e+00
5.422244081360453492e+03 2.000000000000000000e+00
5.425568522840946571e+03 2.000000000000000000e+00
5.428892964321440559e+03 2.000000000000000000e+00
5.432217405801933637e+03 2.000000000000000000e+00
5.435541847282426716e+03 2.000000000000000000e+00
5.438866288762920703e+03 2.000000000000000000e+00
5.442190730243413782e+03 2.000000000000000000e+00
5.445515171723907770e+03 2.000000000000000000e+00
5.448839613204400848e+03 2.000000000000000000e+00
5.452164054684894836e+03 2.000000000000000000e+00
5.455488496165387915e+03 2.000000000000000000e+00
5.458812937645881902e+03 2.000000000000000000e+00
5.462137379126374981e+03 2.000000000000000000e+00
5.465461820606868969e+03 2.000000000000000000e+00
5.468786262087362047e+03 2.000000000000000000e+00
5.472110703567856035e+03 2.000000000000000000e+00
5.475435145048349113e+03 2.000000000000000000e+00
5.478759586528842192e+03 2.000000000000000000e+00
5.482084028009336180e+03 2.000000000000000000e+00
5.485408469489829258e+03 2.000000000000000000e+00
5.488732910970323246e+03 2.000000000000000000e+00
5.492057352450816325e+03 2.000000000000000000e+00
5.495381793931310312e+03 2.000000000000000000e+00
5.498706235411803391e+03 2.000000000000000000e+00
5.502030676892297379e+03 2.000000000000000000e+00
5.505355118372790457e+03 2.000000000000000000e+00
5.508679559853284445e+03 2.000000000000000000e+00
5.512004001333777524e+03 2.000000000000000000e+00
5.515328442814271511e+03 2.000000000000000000e+00
5.518652884294764590e+03 2.000000000000000000e+00
5.521977325775257668e+03 2.000000000000000000e+00
5.525301767255751656e+03 2.000000000000000000e+00
5.528626208736244735e+03 2.000000000000000000e+00
5.531950650216738723e+03 2.000000000000000000e+00
5.535275091697231801e+03 2.000000000000000000e+00
5.538599533177725789e+03 2.000000000000000000e+00
5.541923974658218867e+03 2.000000000000000000e+00
5.545248416138712855e+03 2.000000000000000000e+00
5.548572857619205934e+03 2.000000000000000000e+00
5.551897299099699921e+03 2.000000000000000000e+00
5.555221740580193000e+03 2.000000000000000000e+00
5.558546182060686988e+03 2.000000000000000000e+00
5.561870623541180066e+03 2.000000000000000000e+00
5.565195065021673145e+03 2.000000000000000000e+00
5.568519506502167133e+03 2.000000000000000000e+00
5.571843947982660211e+03 2.000000000000000000e+00
5.575168389463154199e+03 2.000000000000000000e+00
5.578492830943647277e+03 2.000000000000000000e+00
5.581817272424141265e+03 2.000000000000000000e+00
5.585141713904634344e+03 2.000000000000000000e+00
5.588466155385128332e+03 2.000000000000000000e+00
5.591790596865621410e+03 2.000000000000000000e+00
5.595115038346115398e+03 2.000000000000000000e+00
5.598439479826608476e+03 2.000000000000000000e+00
5.601763921307102464e+03 2.000000000000000000e+00
5.605088362787595543e+03 2.000000000000000000e+00
5.608412804268088621e+03 2.000000000000000000e+00
5.611737245748582609e+03 2.000000000000000000e+00
5.615061687229075687e+03 2.000000000000000000e+00
5.618386128709569675e+03 2.000000000000000000e+00
5.621710570190062754e+03 2.000000000000000000e+00
5.625035011670556742e+03 2.000000000000000000e+00
5.628359453151049820e+03 2.000000000000000000e+00
5.631683894631543808e+03 2.000000000000000000e+00
5.635008336112036886e+03 2.000000000000000000e+00
5.638332777592530874e+03 2.000000000000000000e+00
5.641657219073023953e+03 2.000000000000000000e+00
5.644981660553517941e+03 2.000000000000000000e+00
5.648306102034011019e+03 2.000000000000000000e+00
5.651630543514504097e+03 2.000000000000000000e+00
5.654954984994998085e+03 2.000000000000000000e+00
5.658279426475491164e+03 2.000000000000000000e+00
5.661603867955985152e+03 2.000000000000000000e+00
5.664928309436478230e+03 2.000000000000000000e+00
5.668252750916972218e+03 2.000000000000000000e+00
5.671577192397465296e+03 2.000000000000000000e+00
5.674901633877959284e+03 2.000000000000000000e+00
5.678226075358452363e+03 2.000000000000000000e+00
5.681550516838946351e+03 2.000000000000000000e+00
5.684874958319439429e+03 2.000000000000000000e+00
5.688199399799933417e+03 2.000000000000000000e+00
5.691523841280426495e+03 2.000000000000000000e+00
5.694848282760919574e+03 2.000000000000000000e+00
5.698172724241413562e+03 2.000000000000000000e+00
5.701497165721906640e+03 2.000000000000000000e+00
5.704821607202400628e+03 2.000000000000000000e+00
5.708146048682893706e+03 2.000000000000000000e+00
5.711470490163387694e+03 2.000000000000000000e+00
5.714794931643880773e+03 2.000000000000000000e+00
5.718119373124374761e+03 2.000000000000000000e+00
5.721443814604867839e+03 2.000000000000000000e+00
5.724768256085361827e+03 2.000000000000000000e+00
5.728092697565854905e+03 2.000000000000000000e+00
5.731417139046348893e+03 2.000000000000000000e+00
5.734741580526841972e+03 2.000000000000000000e+00
5.738066022007335050e+03 2.000000000000000000e+00
5.741390463487829038e+03 2.000000000000000000e+00
5.744714904968322116e+03 2.000000000000000000e+00
5.748039346448816104e+03 2.000000000000000000e+00
5.751363787929309183e+03 2.000000000000000000e+00
5.754688229409803171e+03 2.000000000000000000e+00
5.758012670890296249e+03 2.000000000000000000e+00
5.761337112370790237e+03 2.000000000000000000e+00
5.764661553851283315e+03 2.000000000000000000e+00
5.767985995331777303e+03 2.000000000000000000e+00
5.771310436812270382e+03 2.000000000000000000e+00
5.774634878292763460e+03 2.000000000000000000e+00
5.777959319773257448e+03 2.000000000000000000e+00
5.781283761253750527e+03 2.000000000000000000e+00
5.784608202734244514e+03 2.000000000000000000e+00
5.787932644214737593e+03 2.000000000000000000e+00
5.791257085695231581e+03 2.000000000000000000e+00
5.794581527175724659e+03 2.000000000000000000e+00
5.797905968656218647e+03 2.000000000000000000e+00
5.801230410136711725e+03 2.000000000000000000e+00
5.804554851617205713e+03 2.000000000000000000e+00
5.807879293097698792e+03 2.000000000000000000e+00
5.811203734578192780e+03 2.000000000000000000e+00
5.814528176058685858e+03 2.000000000000000000e+00
5.817852617539178937e+03 2.000000000000000000e+00
5.821177059019672924e+03 2.000000000000000000e+00
5.824501500500166003e+03 2.000000000000000000e+00
5.827825941980659991e+03 2.000000000000000000e+00
5.831150383461153069e+03 2.000000000000000000e+00
5.834474824941647057e+03 2.000000000000000000e+00
5.837799266422140136e+03 2.000000000000000000e+00
5.841123707902634123e+03 2.000000000000000000e+00
5.844448149383127202e+03 2.000000000000000000e+00
5.847772590863621190e+03 2.000000000000000000e+00
5.851097032344114268e+03 2.000000000000000000e+00
5.854421473824608256e+03 2.000000000000000000e+00
5.857745915305101335e+03 2.000000000000000000e+00
5.861070356785594413e+03 2.000000000000000000e+00
5.864394798266088401e+03 2.000000000000000000e+00
5.867719239746581479e+03 2.000000000000000000e+00
5.871043681227075467e+03 2.000000000000000000e+00
5.874368122707568546e+03 2.000000000000000000e+00
5.877692564188062534e+03 2.000000000000000000e+00
5.881017005668555612e+03 2.000000000000000000e+00
5.884341447149049600e+03 2.000000000000000000e+00
5.887665888629542678e+03 2.000000000000000000e+00
5.890990330110036666e+03 2.000000000000000000e+00
5.894314771590529745e+03 2.000000000000000000e+00
5.897639213071023732e+03 2.000000000000000000e+00
5.900963654551516811e+03 2.000000000000000000e+00
5.904288096032009889e+03 2.000000000000000000e+00
5.907612537512503877e+03 2.000000000000000000e+00
5.910936978992996956e+03 2.000000000000000000e+00
5.914261420473490944e+03 2.000000000000000000e+00
5.917585861953984022e+03 2.000000000000000000e+00
5.920910303434478010e+03 2.000000000000000000e+00
5.924234744914971088e+03 2.000000000000000000e+00
5.927559186395465076e+03 2.000000000000000000e+00
5.930883627875958155e+03 2.000000000000000000e+00
5.934208069356452143e+03 2.000000000000000000e+00
5.937532510836945221e+03 2.000000000000000000e+00
5.940856952317439209e+03 2.000000000000000000e+00
5.944181393797932287e+03 2.000000000000000000e+00
5.947505835278425366e+03 2.000000000000000000e+00
5.950830276758919354e+03 2.000000000000000000e+00
5.954154718239412432e+03 2.000000000000000000e+00
5.957479159719906420e+03 2.000000000000000000e+00
5.960803601200399498e+03 2.000000000000000000e+00
5.964128042680893486e+03 2.000000000000000000e+00
5.967452484161386565e+03 2.000000000000000000e+00
5.970776925641880553e+03 2.000000000000000000e+00
5.974101367122373631e+03 2.000000000000000000e+00
5.977425808602867619e+03 2.000000000000000000e+00
5.980750250083360697e+03 2.000000000000000000e+00
5.984074691563854685e+03 2.000000000000000000e+00
5.987399133044347764e+03 2.000000000000000000e+00
5.990723574524840842e+03 2.000000000000000000e+00
5.994048016005334830e+03 2.000000000000000000e+00
5.997372457485827908e+03 2.000000000000000000e+00
6.000696898966321896e+03 2.000000000000000000e+00
6.004021340446814975e+03 2.000000000000000000e+00
6.007345781927308963e+03 2.000000000000000000e+00
6.010670223407802041e+03 2.000000000000000000e+00
6.013994664888296029e+03 2.000000000000000000e+00
6.017319106368789107e+03 2.000000000000000000e+00
6.020643547849283095e+03 2.000000000000000000e+00
6.023967989329776174e+03 2.000000000000000000e+00
6.027292430810270162e+03 2.000000000000000000e+00
6.030616872290763240e+03 2.000000000000000000e+00
6.033941313771256318e+03 2.000000000000000000e+00
6.037265755251750306e+03 2.000000000000000000e+00
6.040590196732243385e+03 2.000000000000000000e+00
6.043914638212737373e+03 2.000000000000000000e+00
6.047239079693230451e+03 2.000000000000000000e+00
6.050563521173724439e+03 2.000000000000000000e+00
6.053887962654217517e+03 2.000000000000000000e+00
6.057212404134711505e+03 2.000000000000000000e+00
6.060536845615204584e+03 2.000000000000000000e+00
6.063861287095698572e+03 2.000000000000000000e+00
6.067185728576191650e+03 2.000000000000000000e+00
6.070510170056685638e+03 2.000000000000000000e+00
6.073834611537178716e+03 2.000000000000000000e+00
6.077159053017671795e+03 2.000000000000000000e+00
6.080483494498165783e+03 2.000000000000000000e+00
6.083807935978658861e+03 2.000000000000000000e+00
6.087132377459152849e+03 2.000000000000000000e+00
6.090456818939645927e+03 2.000000000000000000e+00
6.093781260420139915e+03 2.000000000000000000e+00
6.097105701900632994e+03 2.000000000000000000e+00
6.100430143381126982e+03 2.000000000000000000e+00
6.103754584861620060e+03 2.000000000000000000e+00
6.107079026342114048e+03 2.000000000000000000e+00
6.110403467822607126e+03 2.000000000000000000e+00
6.113727909303101114e+03 2.000000000000000000e+00
6.117052350783594193e+03 2.000000000000000000e+00
6.120376792264087271e+03 2.000000000000000000e+00
6.123701233744581259e+03 2.000000000000000000e+00
6.127025675225074338e+03 2.000000000000000000e+00
6.130350116705568325e+03 2.000000000000000000e+00
6.133674558186061404e+03 2.000000000000000000e+00
6.136998999666555392e+03 2.000000000000000000e+00
6.140323441147048470e+03 2.000000000000000000e+00
6.143647882627542458e+03 2.000000000000000000e+00
6.146972324108035536e+03 2.000000000000000000e+00
6.150296765588529524e+03 2.000000000000000000e+00
6.153621207069022603e+03 2.000000000000000000e+00
6.156945648549516591e+03 2.000000000000000000e+00
6.160270090030009669e+03 2.000000000000000000e+00
6.163594531510502748e+03 2.000000000000000000e+00
6.166918972990996735e+03 2.000000000000000000e+00
6.170243414471489814e+03 2.000000000000000000e+00
6.173567855951983802e+03 2.000000000000000000e+00
6.176892297432476880e+03 2.000000000000000000e+00
6.180216738912970868e+03 2.000000000000000000e+00
6.183541180393463947e+03 2.000000000000000000e+00
6.186865621873957934e+03 2.000000000000000000e+00
6.190190063354451013e+03 2.000000000000000000e+00
6.193514504834945001e+03 2.000000000000000000e+00
6.196838946315438079e+03 2.000000000000000000e+00
6.200163387795932067e+03 2.000000000000000000e+00
6.203487829276425146e+03 2.000000000000000000e+00
6.206812270756918224e+03 2.000000000000000000e+00
6.210136712237412212e+03 2.000000000000000000e+00
6.213461153717905290e+03 2.000000000000000000e+00
6.216785595198399278e+03 2.000000000000000000e+00
6.220110036678892357e+03 2.000000000000000000e+00
6.223434478159386344e+03 2.000000000000000000e+00
6.226758919639879423e+03 2.000000000000000000e+00
6.230083361120373411e+03 2.000000000000000000e+00
6.233407802600866489e+03 2.000000000000000000e+00
6.236732244081360477e+03 2.000000000000000000e+00
6.240056685561853556e+03 2.000000000000000000e+00
6.243381127042346634e+03 2.000000000000000000e+00
6.246705568522840622e+03 2.000000000000000000e+00
6.250030010003333700e+03 2.000000000000000000e+00
6.253354451483827688e+03 2.000000000000000000e+00
6.256678892964320767e+03 2.000000000000000000e+00
6.260003334444814755e+03 2.000000000000000000e+00
6.263327775925307833e+03 2.000000000000000000e+00
6.266652217405801821e+03 2.000000000000000000e+00
6.269976658886294899e+03 2.000000000000000000e+00
6.273301100366788887e+03 2.000000000000000000e+00
6.276625541847281966e+03 2.000000000000000000e+00
6.279949983327775954e+03 2.000000000000000000e+00
6.283274424808269032e+03 2.000000000000000000e+00
6.286598866288762110e+03 2.000000000000000000e+00
6.289923307769256098e+03 2.000000000000000000e+00
6.293247749249749177e+03 2.000000000000000000e+00
6.296572190730243165e+03 2.000000000000000000e+00
6.299896632210736243e+03 2.000000000000000000e+00
6.303221073691230231e+03 2.000000000000000000e+00
6.306545515171723309e+03 2.000000000000000000e+00
6.309869956652217297e+03 2.000000000000000000e+00
6.313194398132710376e+03 2.000000000000000000e+00
6.316518839613204364e+03 2.000000000000000000e+00
6.319843281093697442e+03 2.000000000000000000e+00
6.323167722574191430e+03 2.000000000000000000e+00
6.326492164054684508e+03 2.000000000000000000e+00
6.329816605535177587e+03 2.000000000000000000e+00
6.333141047015671575e+03 2.000000000000000000e+00
6.336465488496164653e+03 2.000000000000000000e+00
6.339789929976658641e+03 2.000000000000000000e+00
6.343114371457151719e+03 2.000000000000000000e+00
6.346438812937645707e+03 2.000000000000000000e+00
6.349763254418138786e+03 2.000000000000000000e+00
6.353087695898632774e+03 2.000000000000000000e+00
6.356412137379125852e+03 2.000000000000000000e+00
6.359736578859619840e+03 2.000000000000000000e+00
6.363061020340112918e+03 2.000000000000000000e+00
6.366385461820606906e+03 2.000000000000000000e+00
6.369709903301099985e+03 2.000000000000000000e+00
6.373034344781593063e+03 2.000000000000000000e+00
6.376358786262087051e+03 2.000000000000000000e+00
6.379683227742580129e+03 2.000000000000000000e+00
6.383007669223074117e+03 2.000000000000000000e+00
6.386332110703567196e+03 2.000000000000000000e+00
6.389656552184061184e+03 2.000000000000000000e+00
6.392980993664554262e+03 2.000000000000000000e+00
6.396305435145048250e+03 2.000000000000000000e+00
6.399629876625541328e+03 2.000000000000000000e+00
6.402954318106035316e+03 2.000000000000000000e+00
6.406278759586528395e+03 2.000000000000000000e+00
6.409603201067022383e+03 2.000000000000000000e+00
6.412927642547515461e+03 2.000000000000000000e+00
6.416252084028008539e+03 2.000000000000000000e+00
6.419576525508502527e+03 2.000000000000000000e+00
6.422900966988995606e+03 2.000000000000000000e+00
6.426225408469489594e+03 2.000000000000000000e+00
6.429549849949982672e+03 2.000000000000000000e+00
6.432874291430476660e+03 2.000000000000000000e+00
6.436198732910969738e+03 2.000000000000000000e+00
6.439523174391463726e+03 2.000000000000000000e+00
6.442847615871956805e+03 2.000000000000000000e+00
6.446172057352450793e+03 2.000000000000000000e+00
6.449496498832943871e+03 2.000000000000000000e+00
6.452820940313437859e+03 2.000000000000000000e+00
6.456145381793930937e+03 2.000000000000000000e+00
6.459469823274424016e+03 2.000000000000000000e+00
6.462794264754918004e+03 2.000000000000000000e+00
6.466118706235411082e+03 2.000000000000000000e+00
6.469443147715905070e+03 2.000000000000000000e+00
6.472767589196398148e+03 2.000000000000000000e+00
6.476092030676892136e+03 2.000000000000000000e+00
6.479416472157385215e+03 2.000000000000000000e+00
6.482740913637879203e+03 2.000000000000000000e+00
6.486065355118372281e+03 2.000000000000000000e+00
6.489389796598866269e+03 2.000000000000000000e+00
6.492714238079359347e+03 2.000000000000000000e+00
6.496038679559853335e+03 2.000000000000000000e+00
6.499363121040346414e+03 2.000000000000000000e+00
6.502687562520839492e+03 2.000000000000000000e+00
6.506012004001333480e+03 2.000000000000000000e+00
6.509336445481826559e+03 2.000000000000000000e+00
6.512660886962320546e+03 2.000000000000000000e+00
6.515985328442813625e+03 2.000000000000000000e+00
6.519309769923307613e+03 2.000000000000000000e+00
6.522634211403800691e+03 2.000000000000000000e+00
6.525958652884294679e+03 2.000000000000000000e+00
6.529283094364787758e+03 2.000000000000000000e+00
6.532607535845281745e+03 2.000000000000000000e+00
6.535931977325774824e+03 2.000000000000000000e+00
6.539256418806268812e+03 2.000000000000000000e+00
6.542580860286761890e+03 2.000000000000000000e+00
6.545905301767254969e+03 2.000000000000000000e+00
6.549229743247748956e+03 2.000000000000000000e+00
6.552554184728242035e+03 2.000000000000000000e+00
6.555878626208736023e+03 2.000000000000000000e+00
6.559203067689229101e+03 2.000000000000000000e+00
6.562527509169723089e+03 2.000000000000000000e+00
6.565851950650216168e+03 2.000000000000000000e+00
6.569176392130710155e+03 2.000000000000000000e+00
6.572500833611203234e+03 2.000000000000000000e+00
6.575825275091697222e+03 2.000000000000000000e+00
6.579149716572190300e+03 2.000000000000000000e+00
6.582474158052684288e+03 2.000000000000000000e+00
6.585798599533177367e+03 2.000000000000000000e+00
6.589123041013670445e+03 2.000000000000000000e+00
6.592447482494164433e+03 2.000000000000000000e+00
6.595771923974657511e+03 2.000000000000000000e+00
6.599096365455151499e+03 2.000000000000000000e+00
6.602420806935644578e+03 2.000000000000000000e+00
6.605745248416138566e+03 2.000000000000000000e+00
6.609069689896631644e+03 2.000000000000000000e+00
6.612394131377125632e+03 2.000000000000000000e+00
6.615718572857618710e+03 2.000000000000000000e+00
6.619043014338112698e+03 2.000000000000000000e+00
6.622367455818605777e+03 2.000000000000000000e+00
6.625691897299098855e+03 2.000000000000000000e+00
6.629016338779592843e+03 2.000000000000000000e+00
6.632340780260085921e+03 2.000000000000000000e+00
6.635665221740579909e+03 2.000000000000000000e+00
6.638989663221072988e+03 2.000000000000000000e+00
6.642314104701566976e+03 2.000000000000000000e+00
6.645638546182060054e+03 2.000000000000000000e+00
6.648962987662554042e+03 2.000000000000000000e+00
6.652287429143047120e+03 2.000000000000000000e+00
6.655611870623541108e+03 2.000000000000000000e+00
6.658936312104034187e+03 2.000000000000000000e+00
6.662260753584528175e+03 2.000000000000000000e+00
6.665585195065021253e+03 2.000000000000000000e+00
6.668909636545514331e+03 2.000000000000000000e+00
6.672234078026008319e+03 2.000000000000000000e+00
6.675558519506501398e+03 2.000000000000000000e+00
6.678882960986995386e+03 2.000000000000000000e+00
6.682207402467488464e+03 2.000000000000000000e+00
6.685531843947982452e+03 2.000000000000000000e+00
6.688856285428475530e+03 2.000000000000000000e+00
6.692180726908969518e+03 2.000000000000000000e+00
6.695505168389462597e+03 2.000000000000000000e+00
6.698829609869956585e+03 2.000000000000000000e+00
6.702154051350449663e+03 2.000000000000000000e+00
6.705478492830943651e+03 2.000000000000000000e+00
6.708802934311436729e+03 2.000000000000000000e+00
6.712127375791929808e+03 2.000000000000000000e+00
6.715451817272423796e+03 2.000000000000000000e+00
6.718776258752916874e+03 2.000000000000000000e+00
6.722100700233410862e+03 2.000000000000000000e+00
6.725425141713903940e+03 2.000000000000000000e+00
6.728749583194397928e+03 2.000000000000000000e+00
6.732074024674891007e+03 2.000000000000000000e+00
6.735398466155384995e+03 2.000000000000000000e+00
6.738722907635878073e+03 2.000000000000000000e+00
6.742047349116372061e+03 2.000000000000000000e+00
6.745371790596865139e+03 2.000000000000000000e+00
6.748696232077359127e+03 2.000000000000000000e+00
6.752020673557852206e+03 2.000000000000000000e+00
6.755345115038345284e+03 2.000000000000000000e+00
6.758669556518839272e+03 2.000000000000000000e+00
6.761993997999332350e+03 2.000000000000000000e+00
6.765318439479826338e+03 2.000000000000000000e+00
6.768642880960319417e+03 2.000000000000000000e+00
6.771967322440813405e+03 2.000000000000000000e+00
6.775291763921306483e+03 2.000000000000000000e+00
6.778616205401800471e+03 2.000000000000000000e+00
6.781940646882293549e+03 2.000000000000000000e+00
6.785265088362787537e+03 2.000000000000000000e+00
6.788589529843280616e+03 2.000000000000000000e+00
6.791913971323774604e+03 2.000000000000000000e+00
6.795238412804267682e+03 2.000000000000000000e+00
6.798562854284760760e+03 2.000000000000000000e+00
6.801887295765254748e+03 2.000000000000000000e+00
6.805211737245747827e+03 2.000000000000000000e+00
6.808536178726241815e+03 2.000000000000000000e+00
6.811860620206734893e+03 2.000000000000000000e+00
6.815185061687228881e+03 2.000000000000000000e+00
6.818509503167721959e+03 2.000000000000000000e+00
6.821833944648215947e+03 2.000000000000000000e+00
6.825158386128709026e+03 2.000000000000000000e+00
6.828482827609203014e+03 2.000000000000000000e+00
6.831807269089696092e+03 2.000000000000000000e+00
6.835131710570190080e+03 2.000000000000000000e+00
6.838456152050683158e+03 2.000000000000000000e+00
6.841780593531176237e+03 2.000000000000000000e+00
6.845105035011670225e+03 2.000000000000000000e+00
6.848429476492163303e+03 2.000000000000000000e+00
6.851753917972657291e+03 2.000000000000000000e+00
6.855078359453150370e+03 2.000000000000000000e+00
6.858402800933644357e+03 2.000000000000000000e+00
6.861727242414137436e+03 2.000000000000000000e+00
6.865051683894631424e+03 2.000000000000000000e+00
6.868376125375124502e+03 2.000000000000000000e+00
6.871700566855618490e+03 2.000000000000000000e+00
6.875025008336111568e+03 2.000000000000000000e+00
6.878349449816605556e+03 2.000000000000000000e+00
6.881673891297098635e+03 2.000000000000000000e+00
6.884998332777591713e+03 2.000000000000000000e+00
6.888322774258085701e+03 2.000000000000000000e+00
6.891647215738578780e+03 2.000000000000000000e+00
6.894971657219072767e+03 2.000000000000000000e+00
6.898296098699565846e+03 2.000000000000000000e+00
6.901620540180059834e+03 2.000000000000000000e+00
6.904944981660552912e+03 2.000000000000000000e+00
6.908269423141046900e+03 2.000000000000000000e+00
6.911593864621539979e+03 2.000000000000000000e+00
6.914918306102033966e+03 2.000000000000000000e+00
6.918242747582527045e+03 2.000000000000000000e+00
6.921567189063021033e+03 2.000000000000000000e+00
6.924891630543514111e+03 2.000000000000000000e+00
6.928216072024007190e+03 2.000000000000000000e+00
6.931540513504501178e+03 2.000000000000000000e+00
6.934864954984994256e+03 2.000000000000000000e+00
6.938189396465488244e+03 2.000000000000000000e+00
6.941513837945981322e+03 2.000000000000000000e+00
6.944838279426475310e+03 2.000000000000000000e+00
6.948162720906968389e+03 2.000000000000000000e+00
6.951487162387462377e+03 2.000000000000000000e+00
6.954811603867955455e+03 2.000000000000000000e+00
6.958136045348449443e+03 2.000000000000000000e+00
6.961460486828942521e+03 2.000000000000000000e+00
6.964784928309436509e+03 2.000000000000000000e+00
6.968109369789929588e+03 2.000000000000000000e+00
6.971433811270422666e+03 2.000000000000000000e+00
6.974758252750916654e+03 2.000000000000000000e+00
6.978082694231409732e+03 2.000000000000000000e+00
6.981407135711903720e+03 2.000000000000000000e+00
6.984731577192396799e+03 2.000000000000000000e+00
6.988056018672890787e+03 2.000000000000000000e+00
6.991380460153383865e+03 2.000000000000000000e+00
6.994704901633877853e+03 2.000000000000000000e+00
6.998029343114370931e+03 2.000000000000000000e+00
7.001353784594864919e+03 2.000000000000000000e+00
7.004678226075357998e+03 2.000000000000000000e+00
7.008002667555851986e+03 2.000000000000000000e+00
7.011327109036345064e+03 2.000000000000000000e+00
7.014651550516838142e+03 2.000000000000000000e+00
7.017975991997332130e+03 2.000000000000000000e+00
7.021300433477825209e+03 2.000000000000000000e+00
7.024624874958319197e+03 2.000000000000000000e+00
7.027949316438812275e+03 2.000000000000000000e+00
7.031273757919306263e+03 2.000000000000000000e+00
7.034598199399799341e+03 2.000000000000000000e+00
7.037922640880293329e+03 2.000000000000000000e+00
7.041247082360786408e+03 2.000000000000000000e+00
7.044571523841280396e+03 2.000000000000000000e+00
7.047895965321773474e+03 2.000000000000000000e+00
7.051220406802267462e+03 2.000000000000000000e+00
7.054544848282760540e+03 2.000000000000000000e+00
7.057869289763253619e+03 2.000000000000000000e+00
7.061193731243747607e+03 2.000000000000000000e+00
7.064518172724240685e+03 2.000000000000000000e+00
7.067842614204734673e+03 2.000000000000000000e+00
7.071167055685227751e+03 2.000000000000000000e+00
7.074491497165721739e+03 2.000000000000000000e+00
7.077815938646214818e+03 2.000000000000000000e+00
7.081140380126708806e+03 2.000000000000000000e+00
7.084464821607201884e+03 2.000000000000000000e+00
7.087789263087695872e+03 2.000000000000000000e+00
7.091113704568188950e+03 2.000000000000000000e+00
7.094438146048682029e+03 2.000000000000000000e+00
7.097762587529176017e+03 2.000000000000000000e+00
7.101087029009669095e+03 2.000000000000000000e+00
7.104411470490163083e+03 2.000000000000000000e+00
7.107735911970656161e+03 2.000000000000000000e+00
7.111060353451150149e+03 2.000000000000000000e+00
7.114384794931643228e+03 2.000000000000000000e+00
7.117709236412137216e+03 2.000000000000000000e+00
7.121033677892630294e+03 2.000000000000000000e+00
7.124358119373124282e+03 2.000000000000000000e+00
7.127682560853617360e+03 2.000000000000000000e+00
7.131007002334111348e+03 2.000000000000000000e+00
7.134331443814604427e+03 2.000000000000000000e+00
7.137655885295097505e+03 2.000000000000000000e+00
7.140980326775591493e+03 2.000000000000000000e+00
7.144304768256084571e+03 2.000000000000000000e+00
7.147629209736578559e+03 2.000000000000000000e+00
7.150953651217071638e+03 2.000000000000000000e+00
7.154278092697565626e+03 2.000000000000000000e+00
7.157602534178058704e+03 2.000000000000000000e+00
7.160926975658552692e+03 2.000000000000000000e+00
7.164251417139045770e+03 2.000000000000000000e+00
7.167575858619539758e+03 2.000000000000000000e+00
7.170900300100032837e+03 2.000000000000000000e+00
7.174224741580526825e+03 2.000000000000000000e+00
7.177549183061019903e+03 2.000000000000000000e+00
7.180873624541512982e+03 2.000000000000000000e+00
7.184198066022006969e+03 2.000000000000000000e+00
7.187522507502500048e+03 2.000000000000000000e+00
7.190846948982994036e+03 2.000000000000000000e+00
7.194171390463487114e+03 2.000000000000000000e+00
7.197495831943981102e+03 2.000000000000000000e+00
7.200820273424474181e+03 2.000000000000000000e+00
7.204144714904968168e+03 2.000000000000000000e+00
7.207469156385461247e+03 2.000000000000000000e+00
7.210793597865955235e+03 2.000000000000000000e+00
7.214118039346448313e+03 2.000000000000000000e+00
7.217442480826942301e+03 2.000000000000000000e+00
7.220766922307435379e+03 2.000000000000000000e+00
7.224091363787928458e+03 2.000000000000000000e+00
7.227415805268422446e+03 2.000000000000000000e+00
7.230740246748915524e+03 2.000000000000000000e+00
7.234064688229409512e+03 2.000000000000000000e+00
7.237389129709902591e+03 2.000000000000000000e+00
7.240713571190396578e+03 2.000000000000000000e+00
7.244038012670889657e+03 2.000000000000000000e+00
7.247362454151383645e+03 2.000000000000000000e+00
7.250686895631876723e+03 2.000000000000000000e+00
7.254011337112370711e+03 2.000000000000000000e+00
7.257335778592863790e+03 2.000000000000000000e+00
7.260660220073357777e+03 2.000000000000000000e+00
7.263984661553850856e+03 2.000000000000000000e+00
7.267309103034343934e+03 2.000000000000000000e+00
7.270633544514837922e+03 2.000000000000000000e+00
7.273957985995331001e+03 2.000000000000000000e+00
7.277282427475824989e+03 2.000000000000000000e+00
7.280606868956318067e+03 2.000000000000000000e+00
7.283931310436812055e+03 2.000000000000000000e+00
7.287255751917305133e+03 2.000000000000000000e+00
7.290580193397799121e+03 2.000000000000000000e+00
7.293904634878292200e+03 2.000000000000000000e+00
7.297229076358786187e+03 2.000000000000000000e+00
7.300553517839279266e+03 2.000000000000000000e+00
7.303877959319773254e+03 2.000000000000000000e+00
7.307202400800266332e+03 2.000000000000000000e+00
7.310526842280759411e+03 2.000000000000000000e+00
7.313851283761253399e+03 2.000000000000000000e+00
7.317175725241746477e+03 2.000000000000000000e+00
7.320500166722240465e+03 2.000000000000000000e+00
7.323824608202733543e+03 2.000000000000000000e+00
7.327149049683227531e+03 2.000000000000000000e+00
7.330473491163720610e+03 2.000000000000000000e+00
7.333797932644214598e+03 2.000000000000000000e+00
7.337122374124707676e+03 2.000000000000000000e+00
7.340446815605201664e+03 2.000000000000000000e+00
7.343771257085694742e+03 2.000000000000000000e+00
7.347095698566188730e+03 2.000000000000000000e+00
7.350420140046681809e+03 2.000000000000000000e+00
7.353744581527174887e+03 2.000000000000000000e+00
7.357069023007668875e+03 2.000000000000000000e+00
7.360393464488161953e+03 2.000000000000000000e+00
7.363717905968655941e+03 2.000000000000000000e+00
7.367042347449149020e+03 2.000000000000000000e+00
7.370366788929643008e+03 2.000000000000000000e+00
7.373691230410136086e+03 2.000000000000000000e+00
7.377015671890630074e+03 2.000000000000000000e+00
7.380340113371123152e+03 2.000000000000000000e+00
7.383664554851617140e+03 2.000000000000000000e+00
7.386988996332110219e+03 2.000000000000000000e+00
7.390313437812604207e+03 2.000000000000000000e+00
7.393637879293097285e+03 2.000000000000000000e+00
7.396962320773590363e+03 2.000000000000000000e+00
7.400286762254084351e+03 2.000000000000000000e+00
7.403611203734577430e+03 2.000000000000000000e+00
7.406935645215071418e+03 2.000000000000000000e+00
7.410260086695564496e+03 2.000000000000000000e+00
7.413584528176058484e+03 2.000000000000000000e+00
7.416908969656551562e+03 2.000000000000000000e+00
7.420233411137045550e+03 2.000000000000000000e+00
7.423557852617538629e+03 2.000000000000000000e+00
7.426882294098032617e+03 2.000000000000000000e+00
7.430206735578525695e+03 2.000000000000000000e+00
7.433531177059019683e+03 2.000000000000000000e+00
7.436855618539512761e+03 2.000000000000000000e+00
7.440180060020005840e+03 2.000000000000000000e+00
7.443504501500499828e+03 2.000000000000000000e+00
7.446828942980992906e+03 2.000000000000000000e+00
7.450153384461486894e+03 2.000000000000000000e+00
7.453477825941979972e+03 2.000000000000000000e+00
7.456802267422473960e+03 2.000000000000000000e+00
7.460126708902967039e+03 2.000000000000000000e+00
7.463451150383461027e+03 2.000000000000000000e+00
7.466775591863954105e+03 2.000000000000000000e+00
7.470100033344448093e+03 2.000000000000000000e+00
7.473424474824941171e+03 2.000000000000000000e+00
7.476748916305434250e+03 2.000000000000000000e+00
7.480073357785928238e+03 2.000000000000000000e+00
7.483397799266421316e+03 2.000000000000000000e+00
7.486722240746915304e+03 2.000000000000000000e+00
7.490046682227408382e+03 2.000000000000000000e+00
7.493371123707902370e+03 2.000000000000000000e+00
7.496695565188395449e+03 2.000000000000000000e+00
7.500020006668889437e+03 2.000000000000000000e+00
7.503344448149382515e+03 2.000000000000000000e+00
7.506668889629876503e+03 2.000000000000000000e+00
7.509993331110369581e+03 2.000000000000000000e+00
7.513317772590863569e+03 2.000000000000000000e+00
7.516642214071356648e+03 2.000000000000000000e+00
7.519966655551849726e+03 2.000000000000000000e+00
7.523291097032343714e+03 2.000000000000000000e+00
7.526615538512836793e+03 2.000000000000000000e+00
7.529939979993330780e+03 2.000000000000000000e+00
7.533264421473823859e+03 2.000000000000000000e+00
7.536588862954317847e+03 2.000000000000000000e+00
7.539913304434810925e+03 2.000000000000000000e+00
7.543237745915304913e+03 2.000000000000000000e+00
7.546562187395797991e+03 2.000000000000000000e+00
7.549886628876291979e+03 2.000000000000000000e+00
7.553211070356785058e+03 2.000000000000000000e+00
7.556535511837279046e+03 2.000000000000000000e+00
7.559859953317772124e+03 2.000000000000000000e+00
7.563184394798265203e+03 2.000000000000000000e+00
7.566508836278759190e+03 2.000000000000000000e+00
7.569833277759252269e+03 2.000000000000000000e+00
7.573157719239746257e+03 2.000000000000000000e+00
7.576482160720239335e+03 2.000000000000000000e+00
7.579806602200733323e+03 2.000000000000000000e+00
7.583131043681226402e+03 2.000000000000000000e+00
7.586455485161720389e+03 2.000000000000000000e+00
7.589779926642213468e+03 2.000000000000000000e+00
7.593104368122707456e+03 2.000000000000000000e+00
7.596428809603200534e+03 2.000000000000000000e+00
7.599753251083694522e+03 2.000000000000000000e+00
7.603077692564187601e+03 2.000000000000000000e+00
7.606402134044680679e+03 2.000000000000000000e+00
7.609726575525174667e+03 2.000000000000000000e+00
7.613051017005667745e+03 2.000000000000000000e+00
7.616375458486161733e+03 2.000000000000000000e+00
7.619699899966654812e+03 2.000000000000000000e+00
7.623024341447148799e+03 2.000000000000000000e+00
7.626348782927641878e+03 2.000000000000000000e+00
7.629673224408135866e+03 2.000000000000000000e+00
7.632997665888628944e+03 2.000000000000000000e+00
7.636322107369122932e+03 2.000000000000000000e+00
7.639646548849616011e+03 2.000000000000000000e+00
7.642970990330109998e+03 2.000000000000000000e+00
7.646295431810603077e+03 2.000000000000000000e+00
7.649619873291096155e+03 2.000000000000000000e+00
7.652944314771590143e+03 2.000000000000000000e+00
7.656268756252083222e+03 2.000000000000000000e+00
7.659593197732577210e+03 2.000000000000000000e+00
7.662917639213070288e+03 2.000000000000000000e+00
7.666242080693564276e+03 2.000000000000000000e+00
7.669566522174057354e+03 2.000000000000000000e+00
7.672890963654551342e+03 2.000000000000000000e+00
7.676215405135044421e+03 2.000000000000000000e+00
7.679539846615538409e+03 2.000000000000000000e+00
7.682864288096031487e+03 2.000000000000000000e+00
7.686188729576525475e+03 2.000000000000000000e+00
7.689513171057018553e+03 2.000000000000000000e+00
7.692837612537511632e+03 2.000000000000000000e+00
7.696162054018005620e+03 2.000000000000000000e+00
7.699486495498498698e+03 2.000000000000000000e+00
7.702810936978992686e+03 2.000000000000000000e+00
7.706135378459485764e+03 2.000000000000000000e+00
7.709459819939979752e+03 2.000000000000000000e+00
7.712784261420472831e+03 2.000000000000000000e+00
7.716108702900966819e+03 2.000000000000000000e+00
7.719433144381459897e+03 2.000000000000000000e+00
7.722757585861953885e+03 2.000000000000000000e+00
7.726082027342446963e+03 2.000000000000000000e+00
7.729406468822940951e+03 2.000000000000000000e+00
7.732730910303434030e+03 2.000000000000000000e+00
7.736055351783927108e+03 2.000000000000000000e+00
7.739379793264421096e+03 2.000000000000000000e+00
7.742704234744914174e+03 2.000000000000000000e+00
7.746028676225408162e+03 2.000000000000000000e+00
7.749353117705901241e+03 2.000000000000000000e+00
7.752677559186395229e+03 2.000000000000000000e+00
7.756002000666888307e+03 2.000000000000000000e+00
7.759326442147382295e+03 2.000000000000000000e+00
7.762650883627875373e+03 2.000000000000000000e+00
7.765975325108369361e+03 2.000000000000000000e+00
7.769299766588862440e+03 2.000000000000000000e+00
7.772624208069356428e+03 2.000000000000000000e+00
7.775948649549849506e+03 2.000000000000000000e+00
7.779273091030342584e+03 2.000000000000000000e+00
7.782597532510836572e+03 2.000000000000000000e+00
7.785921973991329651e+03 2.000000000000000000e+00
7.789246415471823639e+03 2.000000000000000000e+00
7.792570856952316717e+03 2.000000000000000000e+00
7.795895298432810705e+03 2.000000000000000000e+00
7.799219739913303783e+03 2.000000000000000000e+00
7.802544181393797771e+03 2.000000000000000000e+00
7.805868622874290850e+03 2.000000000000000000e+00
7.809193064354784838e+03 2.000000000000000000e+00
7.812517505835277916e+03 2.000000000000000000e+00
7.815841947315771904e+03 2.000000000000000000e+00
7.819166388796264982e+03 2.000000000000000000e+00
7.822490830276758061e+03 2.000000000000000000e+00
7.825815271757252049e+03 2.000000000000000000e+00
7.829139713237745127e+03 2.000000000000000000e+00
7.832464154718239115e+03 2.000000000000000000e+00
7.835788596198732193e+03 2.000000000000000000e+00
7.839113037679226181e+03 2.000000000000000000e+00
7.842437479159719260e+03 2.000000000000000000e+00
7.845761920640213248e+03 2.000000000000000000e+00
7.849086362120706326e+03 2.000000000000000000e+00
7.852410803601200314e+03 2.000000000000000000e+00
7.855735245081693392e+03 2.000000000000000000e+00
7.859059686562187380e+03 2.000000000000000000e+00
7.862384128042680459e+03 2.000000000000000000e+00
7.865708569523173537e+03 2.000000000000000000e+00
7.869033011003667525e+03 2.000000000000000000e+00
7.872357452484160603e+03 2.000000000000000000e+00
7.875681893964654591e+03 2.000000000000000000e+00
7.879006335445147670e+03 2.000000000000000000e+00
7.882330776925641658e+03 2.000000000000000000e+00
7.885655218406134736e+03 2.000000000000000000e+00
7.888979659886628724e+03 2.000000000000000000e+00
7.892304101367121802e+03 2.000000000000000000e+00
7.895628542847615790e+03 2.000000000000000000e+00
7.898952984328108869e+03 2.000000000000000000e+00
7.902277425808602857e+03 2.000000000000000000e+00
7.905601867289095935e+03 2.000000000000000000e+00
7.908926308769589014e+03 2.000000000000000000e+00
7.912250750250083001e+03 2.000000000000000000e+00
7.915575191730576080e+03 2.000000000000000000e+00
7.918899633211070068e+03 2.000000000000000000e+00
7.922224074691563146e+03 2.000000000000000000e+00
7.925548516172057134e+03 2.000000000000000000e+00
7.928872957652550213e+03 2.000000000000000000e+00
7.932197399133044200e+03 2.000000000000000000e+00
7.935521840613537279e+03 2.000000000000000000e+00
7.938846282094031267e+03 2.000000000000000000e+00
7.942170723574524345e+03 2.000000000000000000e+00
7.945495165055017424e+03 2.000000000000000000e+00
7.948819606535511411e+03 2.000000000000000000e+00
7.952144048016004490e+03 2.000000000000000000e+00
7.955468489496498478e+03 2.000000000000000000e+00
7.958792930976991556e+03 2.000000000000000000e+00
7.962117372457485544e+03 2.000000000000000000e+00
7.965441813937978623e+03 2.000000000000000000e+00
7.968766255418472610e+03 2.000000000000000000e+00
7.972090696898965689e+03 2.000000000000000000e+00
7.975415138379459677e+03 2.000000000000000000e+00
7.978739579859952755e+03 2.000000000000000000e+00
7.982064021340446743e+03 2.000000000000000000e+00
7.985388462820939822e+03 2.000000000000000000e+00
7.988712904301432900e+03 2.000000000000000000e+00
7.992037345781926888e+03 2.000000000000000000e+00
7.995361787262419966e+03 2.000000000000000000e+00
7.998686228742913954e+03 2.000000000000000000e+00
8.002010670223407033e+03 2.000000000000000000e+00
8.005335111703901021e+03 2.000000000000000000e+00
8.008659553184394099e+03 2.000000000000000000e+00
8.011983994664888087e+03 2.000000000000000000e+00
8.015308436145381165e+03 2.000000000000000000e+00
8.018632877625875153e+03 2.000000000000000000e+00
8.021957319106368232e+03 2.000000000000000000e+00
8.025281760586862219e+03 2.000000000000000000e+00
8.028606202067355298e+03 2.000000000000000000e+00
8.031930643547848376e+03 2.000000000000000000e+00
8.035255085028342364e+03 2.000000000000000000e+00
8.038579526508835443e+03 2.000000000000000000e+00
8.041903967989329431e+03 2.000000000000000000e+00
8.045228409469822509e+03 2.000000000000000000e+00
8.048552850950316497e+03 2.000000000000000000e+00
8.051877292430809575e+03 2.000000000000000000e+00
8.055201733911303563e+03 2.000000000000000000e+00
8.058526175391796642e+03 2.000000000000000000e+00
8.061850616872290630e+03 2.000000000000000000e+00
8.065175058352783708e+03 2.000000000000000000e+00
8.068499499833277696e+03 2.000000000000000000e+00
8.071823941313770774e+03 2.000000000000000000e+00
8.075148382794263853e+03 2.000000000000000000e+00
8.078472824274757841e+03 2.000000000000000000e+00
8.081797265755250919e+03 2.000000000000000000e+00
8.085121707235744907e+03 2.000000000000000000e+00
8.088446148716237985e+03 2.000000000000000000e+00
8.091770590196731973e+03 2.000000000000000000e+00
8.095095031677225052e+03 2.000000000000000000e+00
8.098419473157719040e+03 2.000000000000000000e+00
8.101743914638212118e+03 2.000000000000000000e+00
8.105068356118706106e+03 2.000000000000000000e+00
8.108392797599199184e+03 2.000000000000000000e+00
8.111717239079693172e+03 2.000000000000000000e+00
8.115041680560186251e+03 2.000000000000000000e+00
8.118366122040679329e+03 2.000000000000000000e+00
8.121690563521173317e+03 2.000000000000000000e+00
8.125015005001666395e+03 2.000000000000000000e+00
8.128339446482160383e+03 2.000000000000000000e+00
8.131663887962653462e+03 2.000000000000000000e+00
8.134988329443147450e+03 2.000000000000000000e+00
8.138312770923640528e+03 2.000000000000000000e+00
8.141637212404134516e+03 2.000000000000000000e+00
8.144961653884627594e+03 2.000000000000000000e+00
8.148286095365121582e+03 2.000000000000000000e+00
8.151610536845614661e+03 2.000000000000000000e+00
8.154934978326108649e+03 2.000000000000000000e+00
8.158259419806601727e+03 2.000000000000000000e+00
8.161583861287094805e+03 2.000000000000000000e+00
8.164908302767588793e+03 2.000000000000000000e+00
8.168232744248081872e+03 2.000000000000000000e+00
8.171557185728575860e+03 2.000000000000000000e+00
8.174881627209068938e+03 2.000000000000000000e+00
8.178206068689562926e+03 2.000000000000000000e+00
8.181530510170056004e+03 2.000000000000000000e+00
8.184854951650549992e+03 2.000000000000000000e+00
8.188179393131043071e+03 2.000000000000000000e+00
8.191503834611537059e+03 2.000000000000000000e+00
8.194828276092030137e+03 2.000000000000000000e+00
8.198152717572524125e+03 2.000000000000000000e+00
8.201477159053018113e+03 2.000000000000000000e+00
8.204801600533510282e+03 2.000000000000000000e+00
8.208126042014004270e+03 2.000000000000000000e+00
8.211450483494496439e+03 2.000000000000000000e+00
8.214774924974990427e+03 2.000000000000000000e+00
8.218099366455484414e+03 2.000000000000000000e+00
8.221423807935978402e+03 2.000000000000000000e+00
8.224748249416472390e+03 2.000000000000000000e+00
8.228072690896964559e+03 2.000000000000000000e+00
8.231397132377458547e+03 2.000000000000000000e+00
8.234721573857952535e+03 2.000000000000000000e+00
8.238046015338446523e+03 2.000000000000000000e+00
8.241370456818938692e+03 2.000000000000000000e+00
8.244694898299432680e+03 2.000000000000000000e+00
8.248019339779926668e+03 2.000000000000000000e+00
8.251343781260418837e+03 2.000000000000000000e+00
8.254668222740912825e+03 2.000000000000000000e+00
8.257992664221406812e+03 2.000000000000000000e+00
8.261317105701900800e+03 2.000000000000000000e+00
8.264641547182392969e+03 2.000000000000000000e+00
8.267965988662886957e+03 2.000000000000000000e+00
8.271290430143380945e+03 2.000000000000000000e+00
8.274614871623874933e+03 2.000000000000000000e+00
8.277939313104367102e+03 2.000000000000000000e+00
8.281263754584861090e+03 2.000000000000000000e+00
8.284588196065355078e+03 2.000000000000000000e+00
8.287912637545847247e+03 2.000000000000000000e+00
8.291237079026341235e+03 2.000000000000000000e+00
8.294561520506835222e+03 2.000000000000000000e+00
8.297885961987329210e+03 2.000000000000000000e+00
8.301210403467821379e+03 2.000000000000000000e+00
8.304534844948315367e+03 2.000000000000000000e+00
8.307859286428809355e+03 2.000000000000000000e+00
8.311183727909303343e+03 2.000000000000000000e+00
8.314508169389795512e+03 2.000000000000000000e+00
8.317832610870289500e+03 2.000000000000000000e+00
8.321157052350783488e+03 2.000000000000000000e+00
8.324481493831277476e+03 2.000000000000000000e+00
8.327805935311769645e+03 2.000000000000000000e+00
8.331130376792263633e+03 2.000000000000000000e+00
8.334454818272757620e+03 2.000000000000000000e+00
8.337779259753249789e+03 2.000000000000000000e+00
8.341103701233743777e+03 2.000000000000000000e+00
8.344428142714237765e+03 2.000000000000000000e+00
8.347752584194731753e+03 2.000000000000000000e+00
8.351077025675223922e+03 2.000000000000000000e+00
8.354401467155717910e+03 2.000000000000000000e+00
8.357725908636211898e+03 2.000000000000000000e+00
8.361050350116705886e+03 2.000000000000000000e+00
8.364374791597198055e+03 2.000000000000000000e+00
8.367699233077692043e+03 2.000000000000000000e+00
8.371023674558186030e+03 2.000000000000000000e+00
8.374348116038678199e+03 2.000000000000000000e+00
8.377672557519172187e+03 2.000000000000000000e+00
8.380996998999666175e+03 2.000000000000000000e+00
8.384321440480160163e+03 2.000000000000000000e+00
8.387645881960652332e+03 2.000000000000000000e+00
8.390970323441146320e+03 2.000000000000000000e+00
8.394294764921640308e+03 2.000000000000000000e+00
8.397619206402134296e+03 2.000000000000000000e+00
8.400943647882626465e+03 2.000000000000000000e+00
8.404268089363120453e+03 2.000000000000000000e+00
8.407592530843614441e+03 2.000000000000000000e+00
8.410916972324108428e+03 2.000000000000000000e+00
8.414241413804600597e+03 2.000000000000000000e+00
8.417565855285094585e+03 2.000000000000000000e+00
8.420890296765588573e+03 2.000000000000000000e+00
8.424214738246080742e+03 2.000000000000000000e+00
8.427539179726574730e+03 2.000000000000000000e+00
8.430863621207068718e+03 2.000000000000000000e+00
8.434188062687562706e+03 2.000000000000000000e+00
8.437512504168054875e+03 2.000000000000000000e+00
8.440836945648548863e+03 2.000000000000000000e+00
8.444161387129042851e+03 2.000000000000000000e+00
8.447485828609536838e+03 2.000000000000000000e+00
8.450810270090029007e+03 2.000000000000000000e+00
8.454134711570522995e+03 2.000000000000000000e+00
8.457459153051016983e+03 2.000000000000000000e+00
8.460783594531509152e+03 2.000000000000000000e+00
8.464108036012003140e+03 2.000000000000000000e+00
8.467432477492497128e+03 2.000000000000000000e+00
8.470756918972991116e+03 2.000000000000000000e+00
8.474081360453483285e+03 2.000000000000000000e+00
8.477405801933977273e+03 2.000000000000000000e+00
8.480730243414471261e+03 2.000000000000000000e+00
8.484054684894965249e+03 2.000000000000000000e+00
8.487379126375457417e+03 2.000000000000000000e+00
8.490703567855951405e+03 2.000000000000000000e+00
8.494028009336445393e+03 2.000000000000000000e+00
8.497352450816939381e+03 2.000000000000000000e+00
8.500676892297431550e+03 2.000000000000000000e+00
8.504001333777925538e+03 2.000000000000000000e+00
8.507325775258419526e+03 2.000000000000000000e+00
8.510650216738911695e+03 2.000000000000000000e+00
8.513974658219405683e+03 2.000000000000000000e+00
8.517299099699899671e+03 2.000000000000000000e+00
8.520623541180393659e+03 2.000000000000000000e+00
8.523947982660885827e+03 2.000000000000000000e+00
8.527272424141379815e+03 2.000000000000000000e+00
8.530596865621873803e+03 2.000000000000000000e+00
8.533921307102367791e+03 2.000000000000000000e+00
8.537245748582859960e+03 2.000000000000000000e+00
8.540570190063353948e+03 2.000000000000000000e+00
8.543894631543847936e+03 2.000000000000000000e+00
8.547219073024340105e+03 2.000000000000000000e+00
8.550543514504834093e+03 2.000000000000000000e+00
8.553867955985328081e+03 2.000000000000000000e+00
8.557192397465822069e+03 2.000000000000000000e+00
8.560516838946314238e+03 2.000000000000000000e+00
8.563841280426808225e+03 2.000000000000000000e+00
8.567165721907302213e+03 2.000000000000000000e+00
8.570490163387796201e+03 2.000000000000000000e+00
8.573814604868288370e+03 2.000000000000000000e+00
8.577139046348782358e+03 2.000000000000000000e+00
8.580463487829276346e+03 2.000000000000000000e+00
8.583787929309768515e+03 2.000000000000000000e+00
8.587112370790262503e+03 2.000000000000000000e+00
8.590436812270756491e+03 2.000000000000000000e+00
8.593761253751250479e+03 2.000000000000000000e+00
8.597085695231742648e+03 2.000000000000000000e+00
8.600410136712236636e+03 2.000000000000000000e+00
8.603734578192730623e+03 2.000000000000000000e+00
8.607059019673224611e+03 2.000000000000000000e+00
8.610383461153716780e+03 2.000000000000000000e+00
8.613707902634210768e+03 2.000000000000000000e+00
8.617032344114704756e+03 2.000000000000000000e+00
8.620356785595198744e+03 2.000000000000000000e+00
8.623681227075690913e+03 2.000000000000000000e+00
8.627005668556184901e+03 2.000000000000000000e+00
8.630330110036678889e+03 2.000000000000000000e+00
8.633654551517171058e+03 2.000000000000000000e+00
8.636978992997665046e+03 2.000000000000000000e+00
8.640303434478159033e+03 2.000000000000000000e+00
8.643627875958653021e+03 2.000000000000000000e+00
8.646952317439145190e+03 2.000000000000000000e+00
8.650276758919639178e+03 2.000000000000000000e+00
8.653601200400133166e+03 2.000000000000000000e+00
8.656925641880627154e+03 2.000000000000000000e+00
8.660250083361119323e+03 2.000000000000000000e+00
8.663574524841613311e+03 2.000000000000000000e+00
8.666898966322107299e+03 2.000000000000000000e+00
8.670223407802599468e+03 2.000000000000000000e+00
8.673547849283093456e+03 2.000000000000000000e+00
8.676872290763587444e+03 2.000000000000000000e+00
8.680196732244081431e+03 2.000000000000000000e+00
8.683521173724573600e+03 2.000000000000000000e+00
8.686845615205067588e+03 2.000000000000000000e+00
8.690170056685561576e+03 2.000000000000000000e+00
8.693494498166055564e+03 2.000000000000000000e+00
8.696818939646547733e+03 2.000000000000000000e+00
8.700143381127041721e+03 2.000000000000000000e+00
8.703467822607535709e+03 2.000000000000000000e+00
8.706792264088029697e+03 2.000000000000000000e+00
8.710116705568521866e+03 2.000000000000000000e+00
8.713441147049015854e+03 2.000000000000000000e+00
8.716765588529509841e+03 2.000000000000000000e+00
8.720090030010002010e+03 2.000000000000000000e+00
8.723414471490495998e+03 2.000000000000000000e+00
8.726738912970989986e+03 2.000000000000000000e+00
8.730063354451483974e+03 2.000000000000000000e+00
8.733387795931976143e+03 2.000000000000000000e+00
8.736712237412470131e+03 2.000000000000000000e+00
8.740036678892964119e+03 2.000000000000000000e+00
8.743361120373458107e+03 2.000000000000000000e+00
8.746685561853950276e+03 2.000000000000000000e+00
8.750010003334444264e+03 2.000000000000000000e+00
8.753334444814938252e+03 2.000000000000000000e+00
8.756658886295430420e+03 2.000000000000000000e+00
8.759983327775924408e+03 2.000000000000000000e+00
8.763307769256418396e+03 2.000000000000000000e+00
8.766632210736912384e+03 2.000000000000000000e+00
8.769956652217404553e+03 2.000000000000000000e+00
8.773281093697898541e+03 2.000000000000000000e+00
8.776605535178392529e+03 2.000000000000000000e+00
8.779929976658886517e+03 2.000000000000000000e+00
8.783254418139378686e+03 2.000000000000000000e+00
8.786578859619872674e+03 2.000000000000000000e+00
8.789903301100366662e+03 2.000000000000000000e+00
8.793227742580860649e+03 2.000000000000000000e+00
8.796552184061352818e+03 2.000000000000000000e+00
8.799876625541846806e+03 2.000000000000000000e+00
8.803201067022340794e+03 2.000000000000000000e+00
8.806525508502832963e+03 2.000000000000000000e+00
8.809849949983326951e+03 2.000000000000000000e+00
8.813174391463820939e+03 2.000000000000000000e+00
8.816498832944314927e+03 2.000000000000000000e+00
8.819823274424807096e+03 2.000000000000000000e+00
8.823147715905301084e+03 2.000000000000000000e+00
8.826472157385795072e+03 2.000000000000000000e+00
8.829796598866289060e+03 2.000000000000000000e+00
8.833121040346781228e+03 2.000000000000000000e+00
8.836445481827275216e+03 2.000000000000000000e+00
8.839769923307769204e+03 2.000000000000000000e+00
8.843094364788261373e+03 2.000000000000000000e+00
8.846418806268755361e+03 2.000000000000000000e+00
8.849743247749249349e+03 2.000000000000000000e+00
8.853067689229743337e+03 2.000000000000000000e+00
8.856392130710235506e+03 2.000000000000000000e+00
8.859716572190729494e+03 2.000000000000000000e+00
8.863041013671223482e+03 2.000000000000000000e+00
8.866365455151717470e+03 2.000000000000000000e+00
8.869689896632209638e+03 2.000000000000000000e+00
8.873014338112703626e+03 2.000000000000000000e+00
8.876338779593197614e+03 2.000000000000000000e+00
8.879663221073691602e+03 2.000000000000000000e+00
8.882987662554183771e+03 2.000000000000000000e+00
8.886312104034677759e+03 2.000000000000000000e+00
8.889636545515171747e+03 2.000000000000000000e+00
8.892960986995663916e+03 2.000000000000000000e+00
8.896285428476157904e+03 2.000000000000000000e+00
8.899609869956651892e+03 2.000000000000000000e+00
8.902934311437145880e+03 2.000000000000000000e+00
8.906258752917638049e+03 2.000000000000000000e+00
8.909583194398132036e+03 2.000000000000000000e+00
8.912907635878626024e+03 2.000000000000000000e+00
8.916232077359120012e+03 2.000000000000000000e+00
8.919556518839612181e+03 2.000000000000000000e+00
8.922880960320106169e+03 2.000000000000000000e+00
8.926205401800600157e+03 2.000000000000000000e+00
8.929529843281092326e+03 2.000000000000000000e+00
8.932854284761586314e+03 2.000000000000000000e+00
8.936178726242080302e+03 2.000000000000000000e+00
8.939503167722574290e+03 2.000000000000000000e+00
8.942827609203066459e+03 2.000000000000000000e+00
8.946152050683560446e+03 2.000000000000000000e+00
8.949476492164054434e+03 2.000000000000000000e+00
8.952800933644548422e+03 2.000000000000000000e+00
8.956125375125040591e+03 2.000000000000000000e+00
8.959449816605534579e+03 2.000000000000000000e+00
8.962774258086028567e+03 2.000000000000000000e+00
8.966098699566522555e+03 2.000000000000000000e+00
8.969423141047014724e+03 2.000000000000000000e+00
8.972747582527508712e+03 2.000000000000000000e+00
8.976072024008002700e+03 2.000000000000000000e+00
8.979396465488494869e+03 2.000000000000000000e+00
8.982720906968988857e+03 2.000000000000000000e+00
8.986045348449482844e+03 2.000000000000000000e+00
8.989369789929976832e+03 2.000000000000000000e+00
8.992694231410469001e+03 2.000000000000000000e+00
8.996018672890962989e+03 2.000000000000000000e+00
8.999343114371456977e+03 2.000000000000000000e+00
9.002667555851950965e+03 2.000000000000000000e+00
9.005991997332443134e+03 2.000000000000000000e+00
9.009316438812937122e+03 2.000000000000000000e+00
9.012640880293431110e+03 2.000000000000000000e+00
9.015965321773923279e+03 2.000000000000000000e+00
9.019289763254417267e+03 2.000000000000000000e+00
9.022614204734911254e+03 2.000000000000000000e+00
9.025938646215405242e+03 2.000000000000000000e+00
9.029263087695897411e+03 2.000000000000000000e+00
9.032587529176391399e+03 2.000000000000000000e+00
9.035911970656885387e+03 2.000000000000000000e+00
9.039236412137379375e+03 2.000000000000000000e+00
9.042560853617871544e+03 2.000000000000000000e+00
9.045885295098365532e+03 2.000000000000000000e+00
9.049209736578859520e+03 2.000000000000000000e+00
9.052534178059351689e+03 2.000000000000000000e+00
9.055858619539845677e+03 2.000000000000000000e+00
9.059183061020339665e+03 2.000000000000000000e+00
9.062507502500833652e+03 2.000000000000000000e+00
9.065831943981325821e+03 2.000000000000000000e+00
9.069156385461819809e+03 2.000000000000000000e+00
9.072480826942313797e+03 2.000000000000000000e+00
9.075805268422807785e+03 2.000000000000000000e+00
9.079129709903299954e+03 2.000000000000000000e+00
9.082454151383793942e+03 2.000000000000000000e+00
9.085778592864287930e+03 2.000000000000000000e+00
9.089103034344781918e+03 2.000000000000000000e+00
9.092427475825274087e+03 2.000000000000000000e+00
9.095751917305768075e+03 2.000000000000000000e+00
9.099076358786262062e+03 2.000000000000000000e+00
9.102400800266754231e+03 2.000000000000000000e+00
9.105725241747248219e+03 2.000000000000000000e+00
9.109049683227742207e+03 2.000000000000000000e+00
9.112374124708236195e+03 2.000000000000000000e+00
9.115698566188728364e+03 2.000000000000000000e+00
9.119023007669222352e+03 2.000000000000000000e+00
9.122347449149716340e+03 2.000000000000000000e+00
9.125671890630210328e+03 2.000000000000000000e+00
9.128996332110702497e+03 2.000000000000000000e+00
9.132320773591196485e+03 2.000000000000000000e+00
9.135645215071690473e+03 2.000000000000000000e+00
9.138969656552182641e+03 2.000000000000000000e+00
9.142294098032676629e+03 2.000000000000000000e+00
9.145618539513170617e+03 2.000000000000000000e+00
9.148942980993664605e+03 2.000000000000000000e+00
9.152267422474156774e+03 2.000000000000000000e+00
9.155591863954650762e+03 2.000000000000000000e+00
9.158916305435144750e+03 2.000000000000000000e+00
9.162240746915638738e+03 2.000000000000000000e+00
9.165565188396130907e+03 2.000000000000000000e+00
9.168889629876624895e+03 2.000000000000000000e+00
9.172214071357118883e+03 2.000000000000000000e+00
9.175538512837612870e+03 2.000000000000000000e+00
9.178862954318105039e+03 2.000000000000000000e+00
9.182187395798599027e+03 2.000000000000000000e+00
9.185511837279093015e+03 2.000000000000000000e+00
9.188836278759585184e+03 2.000000000000000000e+00
9.192160720240079172e+03 2.000000000000000000e+00
9.195485161720573160e+03 2.000000000000000000e+00
9.198809603201067148e+03 2.000000000000000000e+00
9.202134044681559317e+03 2.000000000000000000e+00
9.205458486162053305e+03 2.000000000000000000e+00
9.208782927642547293e+03 2.000000000000000000e+00
9.212107369123041281e+03 2.000000000000000000e+00
9.215431810603533449e+03 2.000000000000000000e+00
9.218756252084027437e+03 2.000000000000000000e+00
9.222080693564521425e+03 2.000000000000000000e+00
9.225405135045013594e+03 2.000000000000000000e+00
9.228729576525507582e+03 2.000000000000000000e+00
9.232054018006001570e+03 2.000000000000000000e+00
9.235378459486495558e+03 2.000000000000000000e+00
9.238702900966987727e+03 2.000000000000000000e+00
9.242027342447481715e+03 2.000000000000000000e+00
9.245351783927975703e+03 2.000000000000000000e+00
9.248676225408469691e+03 2.000000000000000000e+00
9.252000666888961860e+03 2.000000000000000000e+00
9.255325108369455847e+03 2.000000000000000000e+00
9.258649549849949835e+03 2.000000000000000000e+00
9.261973991330443823e+03 2.000000000000000000e+00
9.265298432810935992e+03 2.000000000000000000e+00
9.268622874291429980e+03 2.000000000000000000e+00
9.271947315771923968e+03 2.000000000000000000e+00
9.275271757252416137e+03 2.000000000000000000e+00
9.278596198732910125e+03 2.000000000000000000e+00
9.281920640213404113e+03 2.000000000000000000e+00
9.285245081693898101e+03 2.000000000000000000e+00
9.288569523174390270e+03 2.000000000000000000e+00
9.291893964654884257e+03 2.000000000000000000e+00
9.295218406135378245e+03 2.000000000000000000e+00
9.298542847615872233e+03 2.000000000000000000e+00
9.301867289096364402e+03 2.000000000000000000e+00
9.305191730576858390e+03 2.000000000000000000e+00
9.308516172057352378e+03 2.000000000000000000e+00
9.311840613537844547e+03 2.000000000000000000e+00
9.315165055018338535e+03 2.000000000000000000e+00
9.318489496498832523e+03 2.000000000000000000e+00
9.321813937979326511e+03 2.000000000000000000e+00
9.325138379459818680e+03 2.000000000000000000e+00
9.328462820940312668e+03 2.000000000000000000e+00
9.331787262420806655e+03 2.000000000000000000e+00
9.335111703901300643e+03 2.000000000000000000e+00
9.338436145381792812e+03 2.000000000000000000e+00
9.341760586862286800e+03 2.000000000000000000e+00
9.345085028342780788e+03 2.000000000000000000e+00
9.348409469823274776e+03 2.000000000000000000e+00
9.351733911303766945e+03 2.000000000000000000e+00
9.355058352784260933e+03 2.000000000000000000e+00
9.358382794264754921e+03 2.000000000000000000e+00
9.361707235745247090e+03 2.000000000000000000e+00
9.365031677225741078e+03 2.000000000000000000e+00
9.368356118706235065e+03 2.000000000000000000e+00
9.371680560186729053e+03 2.000000000000000000e+00
9.375005001667221222e+03 2.000000000000000000e+00
9.378329443147715210e+03 2.000000000000000000e+00
9.381653884628209198e+03 2.000000000000000000e+00
9.384978326108703186e+03 2.000000000000000000e+00
9.388302767589195355e+03 2.000000000000000000e+00
9.391627209069689343e+03 2.000000000000000000e+00
9.394951650550183331e+03 2.000000000000000000e+00
9.398276092030675500e+03 2.000000000000000000e+00
9.401600533511169488e+03 2.000000000000000000e+00
9.404924974991663476e+03 2.000000000000000000e+00
9.408249416472157463e+03 2.000000000000000000e+00
9.411573857952649632e+03 2.000000000000000000e+00
9.414898299433143620e+03 2.000000000000000000e+00
9.418222740913637608e+03 2.000000000000000000e+00
9.421547182394131596e+03 2.000000000000000000e+00
9.424871623874623765e+03 2.000000000000000000e+00
9.428196065355117753e+03 2.000000000000000000e+00
9.431520506835611741e+03 2.000000000000000000e+00
9.434844948316103910e+03 2.000000000000000000e+00
9.438169389796597898e+03 2.000000000000000000e+00
9.441493831277091886e+03 2.000000000000000000e+00
9.444818272757585873e+03 2.000000000000000000e+00
9.448142714238078042e+03 2.000000000000000000e+00
9.451467155718572030e+03 2.000000000000000000e+00
9.454791597199066018e+03 2.000000000000000000e+00
9.458116038679560006e+03 2.000000000000000000e+00
9.461440480160052175e+03 2.000000000000000000e+00
9.464764921640546163e+03 2.000000000000000000e+00
9.468089363121040151e+03 2.000000000000000000e+00
9.471413804601534139e+03 2.000000000000000000e+00
9.474738246082026308e+03 2.000000000000000000e+00
9.478062687562520296e+03 2.000000000000000000e+00
9.481387129043014284e+03 2.000000000000000000e+00
9.484711570523506452e+03 2.000000000000000000e+00
9.488036012004000440e+03 2.000000000000000000e+00
9.491360453484494428e+03 2.000000000000000000e+00
9.494684894964988416e+03 2.000000000000000000e+00
9.498009336445480585e+03 2.000000000000000000e+00
9.501333777925974573e+03 2.000000000000000000e+00
9.504658219406468561e+03 2.000000000000000000e+00
9.507982660886962549e+03 2.000000000000000000e+00
9.511307102367454718e+03 2.000000000000000000e+00
9.514631543847948706e+03 2.000000000000000000e+00
9.517955985328442694e+03 2.000000000000000000e+00
9.521280426808934862e+03 2.000000000000000000e+00
9.524604868289428850e+03 2.000000000000000000e+00
9.527929309769922838e+03 2.000000000000000000e+00
9.531253751250416826e+03 2.000000000000000000e+00
9.534578192730908995e+03 2.000000000000000000e+00
9.537902634211402983e+03 2.000000000000000000e+00
9.541227075691896971e+03 2.000000000000000000e+00
9.544551517172390959e+03 2.000000000000000000e+00
9.547875958652883128e+03 2.000000000000000000e+00
9.551200400133377116e+03 2.000000000000000000e+00
9.554524841613871104e+03 2.000000000000000000e+00
9.557849283094365092e+03 2.000000000000000000e+00
9.561173724574857260e+03 2.000000000000000000e+00
9.564498166055351248e+03 2.000000000000000000e+00
9.567822607535845236e+03 2.000000000000000000e+00
9.571147049016337405e+03 2.000000000000000000e+00
9.574471490496831393e+03 2.000000000000000000e+00
9.577795931977325381e+03 2.000000000000000000e+00
9.581120373457819369e+03 2.000000000000000000e+00
9.584444814938311538e+03 2.000000000000000000e+00
9.587769256418805526e+03 2.000000000000000000e+00
9.591093697899299514e+03 2.000000000000000000e+00
9.594418139379793502e+03 2.000000000000000000e+00
9.597742580860285670e+03 2.000000000000000000e+00
9.601067022340779658e+03 2.000000000000000000e+00
9.604391463821273646e+03 2.000000000000000000e+00
9.607715905301765815e+03 2.000000000000000000e+00
9.611040346782259803e+03 2.000000000000000000e+00
9.614364788262753791e+03 2.000000000000000000e+00
9.617689229743247779e+03 2.000000000000000000e+00
9.621013671223739948e+03 2.000000000000000000e+00
9.624338112704233936e+03 2.000000000000000000e+00
9.627662554184727924e+03 2.000000000000000000e+00
9.630986995665221912e+03 2.000000000000000000e+00
9.634311437145714081e+03 2.000000000000000000e+00
9.637635878626208068e+03 2.000000000000000000e+00
9.640960320106702056e+03 2.000000000000000000e+00
9.644284761587196044e+03 2.000000000000000000e+00
9.647609203067688213e+03 2.000000000000000000e+00
9.650933644548182201e+03 2.000000000000000000e+00
9.654258086028676189e+03 2.000000000000000000e+00
9.657582527509168358e+03 2.000000000000000000e+00
9.660906968989662346e+03 2.000000000000000000e+00
9.664231410470156334e+03 2.000000000000000000e+00
9.667555851950650322e+03 2.000000000000000000e+00
9.670880293431142491e+03 2.000000000000000000e+00
9.674204734911636479e+03 2.000000000000000000e+00
9.677529176392130466e+03 2.000000000000000000e+00
9.680853617872624454e+03 2.000000000000000000e+00
9.684178059353116623e+03 2.000000000000000000e+00
9.687502500833610611e+03 2.000000000000000000e+00
9.690826942314104599e+03 2.000000000000000000e+00
9.694151383794596768e+03 2.000000000000000000e+00
9.697475825275090756e+03 2.000000000000000000e+00
9.700800266755584744e+03 2.000000000000000000e+00
9.704124708236078732e+03 2.000000000000000000e+00
9.707449149716570901e+03 2.000000000000000000e+00
9.710773591197064889e+03 2.000000000000000000e+00
9.714098032677558876e+03 2.000000000000000000e+00
9.717422474158052864e+03 2.000000000000000000e+00
9.720746915638545033e+03 2.000000000000000000e+00
9.724071357119039021e+03 2.000000000000000000e+00
9.727395798599533009e+03 2.000000000000000000e+00
9.730720240080026997e+03 2.000000000000000000e+00
9.734044681560519166e+03 2.000000000000000000e+00
9.737369123041013154e+03 2.000000000000000000e+00
9.740693564521507142e+03 2.000000000000000000e+00
9.744018006001999311e+03 2.000000000000000000e+00
9.747342447482493299e+03 2.000000000000000000e+00
9.750666888962987287e+03 2.000000000000000000e+00
9.753991330443481274e+03 2.000000000000000000e+00
9.757315771923973443e+03 2.000000000000000000e+00
9.760640213404467431e+03 2.000000000000000000e+00
9.763964654884961419e+03 2.000000000000000000e+00
9.767289096365455407e+03 2.000000000000000000e+00
9.770613537845947576e+03 2.000000000000000000e+00
9.773937979326441564e+03 2.000000000000000000e+00
9.777262420806935552e+03 2.000000000000000000e+00
9.780586862287427721e+03 2.000000000000000000e+00
9.783911303767921709e+03 2.000000000000000000e+00
9.787235745248415697e+03 2.000000000000000000e+00
9.790560186728909684e+03 2.000000000000000000e+00
9.793884628209401853e+03 2.000000000000000000e+00
9.797209069689895841e+03 2.000000000000000000e+00
9.800533511170389829e+03 2.000000000000000000e+00
9.803857952650883817e+03 2.000000000000000000e+00
9.807182394131375986e+03 2.000000000000000000e+00
9.810506835611869974e+03 2.000000000000000000e+00
9.813831277092363962e+03 2.000000000000000000e+00
9.817155718572856131e+03 2.000000000000000000e+00
9.820480160053350119e+03 2.000000000000000000e+00
9.823804601533844107e+03 2.000000000000000000e+00
9.827129043014338095e+03 2.000000000000000000e+00
9.830453484494830263e+03 2.000000000000000000e+00
9.833777925975324251e+03 2.000000000000000000e+00
9.837102367455818239e+03 2.000000000000000000e+00
9.840426808936312227e+03 2.000000000000000000e+00
9.843751250416804396e+03 2.000000000000000000e+00
9.847075691897298384e+03 2.000000000000000000e+00
9.850400133377792372e+03 2.000000000000000000e+00
9.853724574858286360e+03 2.000000000000000000e+00
9.857049016338778529e+03 2.000000000000000000e+00
9.860373457819272517e+03 2.000000000000000000e+00
9.863697899299766505e+03 2.000000000000000000e+00
9.867022340780258673e+03 2.000000000000000000e+00
9.870346782260752661e+03 2.000000000000000000e+00
9.873671223741246649e+03 2.000000000000000000e+00
9.876995665221740637e+03 2.000000000000000000e+00
9.880320106702232806e+03 2.000000000000000000e+00
9.883644548182726794e+03 2.000000000000000000e+00
9.886968989663220782e+03 2.000000000000000000e+00
9.890293431143714770e+03 2.000000000000000000e+00
9.893617872624206939e+03 2.000000000000000000e+00
9.896942314104700927e+03 2.000000000000000000e+00
9.900266755585194915e+03 2.000000000000000000e+00
9.903591197065687084e+03 2.000000000000000000e+00
9.906915638546181071e+03 2.000000000000000000e+00
9.910240080026675059e+03 2.000000000000000000e+00
9.913564521507169047e+03 2.000000000000000000e+00
9.916888962987661216e+03 2.000000000000000000e+00
9.920213404468155204e+03 2.000000000000000000e+00
9.923537845948649192e+03 2.000000000000000000e+00
9.926862287429143180e+03 2.000000000000000000e+00
9.930186728909635349e+03 2.000000000000000000e+00
9.933511170390129337e+03 2.000000000000000000e+00
9.936835611870623325e+03 2.000000000000000000e+00
9.940160053351117313e+03 2.000000000000000000e+00
9.943484494831609481e+03 2.000000000000000000e+00
9.946808936312103469e+03 2.000000000000000000e+00
9.950133377792597457e+03 2.000000000000000000e+00
9.953457819273089626e+03 2.000000000000000000e+00
9.956782260753583614e+03 2.000000000000000000e+00
9.960106702234077602e+03 2.000000000000000000e+00
9.963431143714571590e+03 2.000000000000000000e+00
9.966755585195063759e+03 2.000000000000000000e+00
9.970080026675557747e+03 2.000000000000000000e+00
9.973404468156051735e+03 2.000000000000000000e+00
9.976728909636545723e+03 2.000000000000000000e+00
9.980053351117037892e+03 2.000000000000000000e+00
9.983377792597531879e+03 2.000000000000000000e+00
9.986702234078025867e+03 2.000000000000000000e+00
9.990026675558518036e+03 2.000000000000000000e+00
9.993351117039012024e+03 2.000000000000000000e+00
9.996675558519506012e+03 2.000000000000000000e+00
1.000000000000000000e+04 2.000000000000000000e+00
